Seq_ID	Kingdom	Phylum	Class	Order	Family	Genus	Species
SEQ1179093	Eukaryota	Annelida	Polychaeta	Eunicida	Eunicidae	Eunice	Eunice_vittata
SEQ1180266	Eukaryota	Annelida	Polychaeta	Phyllodocida	Nereididae	Alitta	Alitta_succinea
SEQ1180267	Eukaryota	Annelida	Polychaeta	Phyllodocida	Nereididae	Alitta	Alitta_succinea
SEQ1180268	Eukaryota	Annelida	Polychaeta	Phyllodocida	Nereididae	Alitta	Alitta_succinea
SEQ1180269	Eukaryota	Annelida	Polychaeta	Phyllodocida	Nereididae	Alitta	Alitta_succinea
SEQ1180270	Eukaryota	Annelida	Polychaeta	Phyllodocida	Nereididae	Alitta	Alitta_succinea
SEQ1180271	Eukaryota	Annelida	Polychaeta	Phyllodocida	Nereididae	Alitta	Alitta_succinea
SEQ1180272	Eukaryota	Annelida	Polychaeta	Phyllodocida	Nereididae	Alitta	Alitta_succinea
SEQ1180273	Eukaryota	Annelida	Polychaeta	Phyllodocida	Nereididae	Alitta	Alitta_succinea
SEQ1180274	Eukaryota	Annelida	Polychaeta	Phyllodocida	Nereididae	Alitta	Alitta_succinea
SEQ1180275	Eukaryota	Annelida	Polychaeta	Phyllodocida	Nereididae	Alitta	Alitta_succinea
SEQ1180276	Eukaryota	Annelida	Polychaeta	Phyllodocida	Nereididae	Alitta	Alitta_succinea
SEQ1180277	Eukaryota	Annelida	Polychaeta	Phyllodocida	Nereididae	Alitta	Alitta_succinea
SEQ1180278	Eukaryota	Annelida	Polychaeta	Phyllodocida	Nereididae	Alitta	Alitta_succinea
SEQ1180279	Eukaryota	Annelida	Polychaeta	Phyllodocida	Nereididae	Alitta	Alitta_succinea
SEQ1180280	Eukaryota	Annelida	Polychaeta	Phyllodocida	Nereididae	Alitta	Alitta_succinea
SEQ1180281	Eukaryota	Annelida	Polychaeta	Phyllodocida	Nereididae	Alitta	Alitta_succinea
SEQ1180282	Eukaryota	Annelida	Polychaeta	Phyllodocida	Nereididae	Alitta	Alitta_succinea
SEQ1180283	Eukaryota	Annelida	Polychaeta	Phyllodocida	Nereididae	Alitta	Alitta_succinea
SEQ1180284	Eukaryota	Annelida	Polychaeta	Phyllodocida	Nereididae	Alitta	Alitta_succinea
SEQ1180285	Eukaryota	Annelida	Polychaeta	Phyllodocida	Nereididae	Alitta	Alitta_succinea
SEQ1180286	Eukaryota	Annelida	Polychaeta	Phyllodocida	Nereididae	Alitta	Alitta_succinea
SEQ1180287	Eukaryota	Annelida	Polychaeta	Phyllodocida	Nereididae	Alitta	Alitta_succinea
SEQ1180453	Eukaryota	Annelida	Polychaeta	Phyllodocida	Nereididae	Hediste	Hediste_diversicolor
SEQ1180454	Eukaryota	Annelida	Polychaeta	Phyllodocida	Nereididae	Hediste	Hediste_diversicolor
SEQ1180455	Eukaryota	Annelida	Polychaeta	Phyllodocida	Nereididae	Hediste	Hediste_diversicolor
SEQ1180456	Eukaryota	Annelida	Polychaeta	Phyllodocida	Nereididae	Hediste	Hediste_diversicolor
SEQ1180457	Eukaryota	Annelida	Polychaeta	Phyllodocida	Nereididae	Hediste	Hediste_diversicolor
SEQ1180458	Eukaryota	Annelida	Polychaeta	Phyllodocida	Nereididae	Hediste	Hediste_diversicolor
SEQ1180459	Eukaryota	Annelida	Polychaeta	Phyllodocida	Nereididae	Hediste	Hediste_diversicolor
SEQ1180460	Eukaryota	Annelida	Polychaeta	Phyllodocida	Nereididae	Hediste	Hediste_diversicolor
SEQ1180461	Eukaryota	Annelida	Polychaeta	Phyllodocida	Nereididae	Hediste	Hediste_diversicolor
SEQ1180462	Eukaryota	Annelida	Polychaeta	Phyllodocida	Nereididae	Hediste	Hediste_diversicolor
SEQ1180463	Eukaryota	Annelida	Polychaeta	Phyllodocida	Nereididae	Hediste	Hediste_diversicolor
SEQ1180464	Eukaryota	Annelida	Polychaeta	Phyllodocida	Nereididae	Hediste	Hediste_diversicolor
SEQ1180465	Eukaryota	Annelida	Polychaeta	Phyllodocida	Nereididae	Hediste	Hediste_diversicolor
SEQ1180466	Eukaryota	Annelida	Polychaeta	Phyllodocida	Nereididae	Hediste	Hediste_diversicolor
SEQ1180467	Eukaryota	Annelida	Polychaeta	Phyllodocida	Nereididae	Hediste	Hediste_diversicolor
SEQ1180468	Eukaryota	Annelida	Polychaeta	Phyllodocida	Nereididae	Hediste	Hediste_diversicolor
SEQ1180469	Eukaryota	Annelida	Polychaeta	Phyllodocida	Nereididae	Hediste	Hediste_diversicolor
SEQ1180470	Eukaryota	Annelida	Polychaeta	Phyllodocida	Nereididae	Hediste	Hediste_diversicolor
SEQ1180471	Eukaryota	Annelida	Polychaeta	Phyllodocida	Nereididae	Hediste	Hediste_diversicolor
SEQ1180472	Eukaryota	Annelida	Polychaeta	Phyllodocida	Nereididae	Hediste	Hediste_diversicolor
SEQ1180473	Eukaryota	Annelida	Polychaeta	Phyllodocida	Nereididae	Hediste	Hediste_diversicolor
SEQ1180474	Eukaryota	Annelida	Polychaeta	Phyllodocida	Nereididae	Hediste	Hediste_diversicolor
SEQ1180475	Eukaryota	Annelida	Polychaeta	Phyllodocida	Nereididae	Hediste	Hediste_diversicolor
SEQ1180476	Eukaryota	Annelida	Polychaeta	Phyllodocida	Nereididae	Hediste	Hediste_diversicolor
SEQ1180477	Eukaryota	Annelida	Polychaeta	Phyllodocida	Nereididae	Hediste	Hediste_diversicolor
SEQ1180478	Eukaryota	Annelida	Polychaeta	Phyllodocida	Nereididae	Hediste	Hediste_diversicolor
SEQ1180479	Eukaryota	Annelida	Polychaeta	Phyllodocida	Nereididae	Hediste	Hediste_diversicolor
SEQ1180480	Eukaryota	Annelida	Polychaeta	Phyllodocida	Nereididae	Hediste	Hediste_diversicolor
SEQ1180481	Eukaryota	Annelida	Polychaeta	Phyllodocida	Nereididae	Hediste	Hediste_diversicolor
SEQ1180482	Eukaryota	Annelida	Polychaeta	Phyllodocida	Nereididae	Hediste	Hediste_diversicolor
SEQ1180483	Eukaryota	Annelida	Polychaeta	Phyllodocida	Nereididae	Hediste	Hediste_diversicolor
SEQ1180484	Eukaryota	Annelida	Polychaeta	Phyllodocida	Nereididae	Hediste	Hediste_diversicolor
SEQ1180485	Eukaryota	Annelida	Polychaeta	Phyllodocida	Nereididae	Hediste	Hediste_diversicolor
SEQ1180486	Eukaryota	Annelida	Polychaeta	Phyllodocida	Nereididae	Hediste	Hediste_diversicolor
SEQ1180487	Eukaryota	Annelida	Polychaeta	Phyllodocida	Nereididae	Hediste	Hediste_diversicolor
SEQ1180488	Eukaryota	Annelida	Polychaeta	Phyllodocida	Nereididae	Hediste	Hediste_diversicolor
SEQ1180489	Eukaryota	Annelida	Polychaeta	Phyllodocida	Nereididae	Hediste	Hediste_diversicolor
SEQ1180490	Eukaryota	Annelida	Polychaeta	Phyllodocida	Nereididae	Hediste	Hediste_diversicolor
SEQ1180491	Eukaryota	Annelida	Polychaeta	Phyllodocida	Nereididae	Hediste	Hediste_diversicolor
SEQ1180492	Eukaryota	Annelida	Polychaeta	Phyllodocida	Nereididae	Hediste	Hediste_diversicolor
SEQ1180493	Eukaryota	Annelida	Polychaeta	Phyllodocida	Nereididae	Hediste	Hediste_diversicolor
SEQ1180494	Eukaryota	Annelida	Polychaeta	Phyllodocida	Nereididae	Hediste	Hediste_diversicolor
SEQ1180495	Eukaryota	Annelida	Polychaeta	Phyllodocida	Nereididae	Hediste	Hediste_diversicolor
SEQ1180496	Eukaryota	Annelida	Polychaeta	Phyllodocida	Nereididae	Hediste	Hediste_diversicolor
SEQ1180497	Eukaryota	Annelida	Polychaeta	Phyllodocida	Nereididae	Hediste	Hediste_diversicolor
SEQ1180498	Eukaryota	Annelida	Polychaeta	Phyllodocida	Nereididae	Hediste	Hediste_diversicolor
SEQ1180499	Eukaryota	Annelida	Polychaeta	Phyllodocida	Nereididae	Hediste	Hediste_diversicolor
SEQ1180500	Eukaryota	Annelida	Polychaeta	Phyllodocida	Nereididae	Hediste	Hediste_diversicolor
SEQ1180501	Eukaryota	Annelida	Polychaeta	Phyllodocida	Nereididae	Hediste	Hediste_diversicolor
SEQ1180502	Eukaryota	Annelida	Polychaeta	Phyllodocida	Nereididae	Hediste	Hediste_diversicolor
SEQ1180503	Eukaryota	Annelida	Polychaeta	Phyllodocida	Nereididae	Hediste	Hediste_diversicolor
SEQ1180504	Eukaryota	Annelida	Polychaeta	Phyllodocida	Nereididae	Hediste	Hediste_diversicolor
SEQ1180505	Eukaryota	Annelida	Polychaeta	Phyllodocida	Nereididae	Hediste	Hediste_diversicolor
SEQ1180506	Eukaryota	Annelida	Polychaeta	Phyllodocida	Nereididae	Hediste	Hediste_diversicolor
SEQ1180507	Eukaryota	Annelida	Polychaeta	Phyllodocida	Nereididae	Hediste	Hediste_diversicolor
SEQ1180508	Eukaryota	Annelida	Polychaeta	Phyllodocida	Nereididae	Hediste	Hediste_diversicolor
SEQ1180509	Eukaryota	Annelida	Polychaeta	Phyllodocida	Nereididae	Hediste	Hediste_diversicolor
SEQ1180510	Eukaryota	Annelida	Polychaeta	Phyllodocida	Nereididae	Hediste	Hediste_diversicolor
SEQ1180511	Eukaryota	Annelida	Polychaeta	Phyllodocida	Nereididae	Hediste	Hediste_diversicolor
SEQ1180512	Eukaryota	Annelida	Polychaeta	Phyllodocida	Nereididae	Hediste	Hediste_diversicolor
SEQ1180513	Eukaryota	Annelida	Polychaeta	Phyllodocida	Nereididae	Hediste	Hediste_diversicolor
SEQ1180514	Eukaryota	Annelida	Polychaeta	Phyllodocida	Nereididae	Hediste	Hediste_diversicolor
SEQ1180515	Eukaryota	Annelida	Polychaeta	Phyllodocida	Nereididae	Hediste	Hediste_diversicolor
SEQ1180516	Eukaryota	Annelida	Polychaeta	Phyllodocida	Nereididae	Hediste	Hediste_diversicolor
SEQ1180517	Eukaryota	Annelida	Polychaeta	Phyllodocida	Nereididae	Hediste	Hediste_diversicolor
SEQ1180518	Eukaryota	Annelida	Polychaeta	Phyllodocida	Nereididae	Hediste	Hediste_diversicolor
SEQ1180519	Eukaryota	Annelida	Polychaeta	Phyllodocida	Nereididae	Hediste	Hediste_diversicolor
SEQ1180520	Eukaryota	Annelida	Polychaeta	Phyllodocida	Nereididae	Hediste	Hediste_diversicolor
SEQ1180521	Eukaryota	Annelida	Polychaeta	Phyllodocida	Nereididae	Hediste	Hediste_diversicolor
SEQ1180522	Eukaryota	Annelida	Polychaeta	Phyllodocida	Nereididae	Hediste	Hediste_diversicolor
SEQ1180523	Eukaryota	Annelida	Polychaeta	Phyllodocida	Nereididae	Hediste	Hediste_diversicolor
SEQ1180524	Eukaryota	Annelida	Polychaeta	Phyllodocida	Nereididae	Hediste	Hediste_diversicolor
SEQ1180525	Eukaryota	Annelida	Polychaeta	Phyllodocida	Nereididae	Hediste	Hediste_diversicolor
SEQ1180526	Eukaryota	Annelida	Polychaeta	Phyllodocida	Nereididae	Hediste	Hediste_diversicolor
SEQ1180527	Eukaryota	Annelida	Polychaeta	Phyllodocida	Nereididae	Hediste	Hediste_diversicolor
SEQ1180528	Eukaryota	Annelida	Polychaeta	Phyllodocida	Nereididae	Hediste	Hediste_diversicolor
SEQ1180529	Eukaryota	Annelida	Polychaeta	Phyllodocida	Nereididae	Hediste	Hediste_diversicolor
SEQ1180530	Eukaryota	Annelida	Polychaeta	Phyllodocida	Nereididae	Hediste	Hediste_diversicolor
SEQ1180531	Eukaryota	Annelida	Polychaeta	Phyllodocida	Nereididae	Hediste	Hediste_diversicolor
SEQ1180532	Eukaryota	Annelida	Polychaeta	Phyllodocida	Nereididae	Hediste	Hediste_diversicolor
SEQ1180533	Eukaryota	Annelida	Polychaeta	Phyllodocida	Nereididae	Hediste	Hediste_diversicolor
SEQ1180534	Eukaryota	Annelida	Polychaeta	Phyllodocida	Nereididae	Hediste	Hediste_diversicolor
SEQ1180535	Eukaryota	Annelida	Polychaeta	Phyllodocida	Nereididae	Hediste	Hediste_diversicolor
SEQ1180536	Eukaryota	Annelida	Polychaeta	Phyllodocida	Nereididae	Hediste	Hediste_diversicolor
SEQ1180537	Eukaryota	Annelida	Polychaeta	Phyllodocida	Nereididae	Hediste	Hediste_diversicolor
SEQ1180538	Eukaryota	Annelida	Polychaeta	Phyllodocida	Nereididae	Hediste	Hediste_diversicolor
SEQ1180539	Eukaryota	Annelida	Polychaeta	Phyllodocida	Nereididae	Hediste	Hediste_diversicolor
SEQ1180540	Eukaryota	Annelida	Polychaeta	Phyllodocida	Nereididae	Hediste	Hediste_diversicolor
SEQ1180541	Eukaryota	Annelida	Polychaeta	Phyllodocida	Nereididae	Hediste	Hediste_diversicolor
SEQ1180542	Eukaryota	Annelida	Polychaeta	Phyllodocida	Nereididae	Hediste	Hediste_diversicolor
SEQ1180543	Eukaryota	Annelida	Polychaeta	Phyllodocida	Nereididae	Hediste	Hediste_diversicolor
SEQ1180544	Eukaryota	Annelida	Polychaeta	Phyllodocida	Nereididae	Hediste	Hediste_diversicolor
SEQ1180545	Eukaryota	Annelida	Polychaeta	Phyllodocida	Nereididae	Hediste	Hediste_diversicolor
SEQ1180546	Eukaryota	Annelida	Polychaeta	Phyllodocida	Nereididae	Hediste	Hediste_diversicolor
SEQ1180547	Eukaryota	Annelida	Polychaeta	Phyllodocida	Nereididae	Hediste	Hediste_diversicolor
SEQ1180548	Eukaryota	Annelida	Polychaeta	Phyllodocida	Nereididae	Hediste	Hediste_diversicolor
SEQ1180549	Eukaryota	Annelida	Polychaeta	Phyllodocida	Nereididae	Hediste	Hediste_diversicolor
SEQ1180550	Eukaryota	Annelida	Polychaeta	Phyllodocida	Nereididae	Hediste	Hediste_diversicolor
SEQ1180551	Eukaryota	Annelida	Polychaeta	Phyllodocida	Nereididae	Hediste	Hediste_diversicolor
SEQ1180552	Eukaryota	Annelida	Polychaeta	Phyllodocida	Nereididae	Hediste	Hediste_diversicolor
SEQ1180553	Eukaryota	Annelida	Polychaeta	Phyllodocida	Nereididae	Hediste	Hediste_diversicolor
SEQ1180554	Eukaryota	Annelida	Polychaeta	Phyllodocida	Nereididae	Hediste	Hediste_diversicolor
SEQ1180555	Eukaryota	Annelida	Polychaeta	Phyllodocida	Nereididae	Hediste	Hediste_diversicolor
SEQ1180556	Eukaryota	Annelida	Polychaeta	Phyllodocida	Nereididae	Hediste	Hediste_diversicolor
SEQ1180557	Eukaryota	Annelida	Polychaeta	Phyllodocida	Nereididae	Hediste	Hediste_diversicolor
SEQ1180558	Eukaryota	Annelida	Polychaeta	Phyllodocida	Nereididae	Hediste	Hediste_diversicolor
SEQ1180559	Eukaryota	Annelida	Polychaeta	Phyllodocida	Nereididae	Hediste	Hediste_diversicolor
SEQ1180560	Eukaryota	Annelida	Polychaeta	Phyllodocida	Nereididae	Hediste	Hediste_diversicolor
SEQ1180561	Eukaryota	Annelida	Polychaeta	Phyllodocida	Nereididae	Hediste	Hediste_diversicolor
SEQ1180562	Eukaryota	Annelida	Polychaeta	Phyllodocida	Nereididae	Hediste	Hediste_diversicolor
SEQ1180563	Eukaryota	Annelida	Polychaeta	Phyllodocida	Nereididae	Hediste	Hediste_diversicolor
SEQ1180564	Eukaryota	Annelida	Polychaeta	Phyllodocida	Nereididae	Hediste	Hediste_diversicolor
SEQ1180565	Eukaryota	Annelida	Polychaeta	Phyllodocida	Nereididae	Hediste	Hediste_diversicolor
SEQ1180566	Eukaryota	Annelida	Polychaeta	Phyllodocida	Nereididae	Hediste	Hediste_diversicolor
SEQ1180567	Eukaryota	Annelida	Polychaeta	Phyllodocida	Nereididae	Hediste	Hediste_diversicolor
SEQ1180568	Eukaryota	Annelida	Polychaeta	Phyllodocida	Nereididae	Hediste	Hediste_diversicolor
SEQ1180569	Eukaryota	Annelida	Polychaeta	Phyllodocida	Nereididae	Hediste	Hediste_diversicolor
SEQ1180570	Eukaryota	Annelida	Polychaeta	Phyllodocida	Nereididae	Hediste	Hediste_diversicolor
SEQ1180571	Eukaryota	Annelida	Polychaeta	Phyllodocida	Nereididae	Hediste	Hediste_diversicolor
SEQ1180572	Eukaryota	Annelida	Polychaeta	Phyllodocida	Nereididae	Hediste	Hediste_diversicolor
SEQ1180573	Eukaryota	Annelida	Polychaeta	Phyllodocida	Nereididae	Hediste	Hediste_diversicolor
SEQ1180574	Eukaryota	Annelida	Polychaeta	Phyllodocida	Nereididae	Hediste	Hediste_diversicolor
SEQ1180575	Eukaryota	Annelida	Polychaeta	Phyllodocida	Nereididae	Hediste	Hediste_diversicolor
SEQ1180576	Eukaryota	Annelida	Polychaeta	Phyllodocida	Nereididae	Hediste	Hediste_diversicolor
SEQ1180577	Eukaryota	Annelida	Polychaeta	Phyllodocida	Nereididae	Hediste	Hediste_diversicolor
SEQ1180578	Eukaryota	Annelida	Polychaeta	Phyllodocida	Nereididae	Hediste	Hediste_diversicolor
SEQ1180579	Eukaryota	Annelida	Polychaeta	Phyllodocida	Nereididae	Hediste	Hediste_diversicolor
SEQ1180580	Eukaryota	Annelida	Polychaeta	Phyllodocida	Nereididae	Hediste	Hediste_diversicolor
SEQ1180581	Eukaryota	Annelida	Polychaeta	Phyllodocida	Nereididae	Hediste	Hediste_diversicolor
SEQ1180582	Eukaryota	Annelida	Polychaeta	Phyllodocida	Nereididae	Hediste	Hediste_diversicolor
SEQ1180583	Eukaryota	Annelida	Polychaeta	Phyllodocida	Nereididae	Hediste	Hediste_diversicolor
SEQ1180584	Eukaryota	Annelida	Polychaeta	Phyllodocida	Nereididae	Hediste	Hediste_diversicolor
SEQ1180585	Eukaryota	Annelida	Polychaeta	Phyllodocida	Nereididae	Hediste	Hediste_diversicolor
SEQ1180586	Eukaryota	Annelida	Polychaeta	Phyllodocida	Nereididae	Hediste	Hediste_diversicolor
SEQ1180587	Eukaryota	Annelida	Polychaeta	Phyllodocida	Nereididae	Hediste	Hediste_diversicolor
SEQ1180588	Eukaryota	Annelida	Polychaeta	Phyllodocida	Nereididae	Hediste	Hediste_diversicolor
SEQ1180589	Eukaryota	Annelida	Polychaeta	Phyllodocida	Nereididae	Hediste	Hediste_diversicolor
SEQ1180590	Eukaryota	Annelida	Polychaeta	Phyllodocida	Nereididae	Hediste	Hediste_diversicolor
SEQ1180591	Eukaryota	Annelida	Polychaeta	Phyllodocida	Nereididae	Hediste	Hediste_diversicolor
SEQ1180592	Eukaryota	Annelida	Polychaeta	Phyllodocida	Nereididae	Hediste	Hediste_diversicolor
SEQ1180593	Eukaryota	Annelida	Polychaeta	Phyllodocida	Nereididae	Hediste	Hediste_diversicolor
SEQ1180594	Eukaryota	Annelida	Polychaeta	Phyllodocida	Nereididae	Hediste	Hediste_diversicolor
SEQ1180595	Eukaryota	Annelida	Polychaeta	Phyllodocida	Nereididae	Hediste	Hediste_diversicolor
SEQ1180596	Eukaryota	Annelida	Polychaeta	Phyllodocida	Nereididae	Hediste	Hediste_diversicolor
SEQ1180597	Eukaryota	Annelida	Polychaeta	Phyllodocida	Nereididae	Hediste	Hediste_diversicolor
SEQ1180598	Eukaryota	Annelida	Polychaeta	Phyllodocida	Nereididae	Hediste	Hediste_diversicolor
SEQ1180599	Eukaryota	Annelida	Polychaeta	Phyllodocida	Nereididae	Hediste	Hediste_diversicolor
SEQ1181714	Eukaryota	Annelida	Polychaeta	Phyllodocida	Pilargidae	Pilargis	Pilargis_verrucosa
SEQ1183002	Eukaryota	Annelida	Polychaeta	Phyllodocida	Syllidae	Syllis	Syllis_hyalina
SEQ1183003	Eukaryota	Annelida	Polychaeta	Phyllodocida	Syllidae	Syllis	Syllis_hyalina
SEQ1175731	Eukaryota	Annelida	Polychaeta	Capitellida	Capitellidae	Capitella	Capitella_capitata
SEQ1175732	Eukaryota	Annelida	Polychaeta	Capitellida	Capitellidae	Capitella	Capitella_capitata
SEQ1175733	Eukaryota	Annelida	Polychaeta	Capitellida	Capitellidae	Capitella	Capitella_capitata
SEQ1175734	Eukaryota	Annelida	Polychaeta	Capitellida	Capitellidae	Capitella	Capitella_capitata
SEQ1175735	Eukaryota	Annelida	Polychaeta	Capitellida	Capitellidae	Capitella	Capitella_capitata
SEQ1175736	Eukaryota	Annelida	Polychaeta	Capitellida	Capitellidae	Capitella	Capitella_capitata
SEQ1175737	Eukaryota	Annelida	Polychaeta	Capitellida	Capitellidae	Capitella	Capitella_capitata
SEQ1175738	Eukaryota	Annelida	Polychaeta	Capitellida	Capitellidae	Capitella	Capitella_capitata
SEQ1175739	Eukaryota	Annelida	Polychaeta	Capitellida	Capitellidae	Capitella	Capitella_capitata
SEQ1175740	Eukaryota	Annelida	Polychaeta	Capitellida	Capitellidae	Capitella	Capitella_capitata
SEQ1175741	Eukaryota	Annelida	Polychaeta	Capitellida	Capitellidae	Capitella	Capitella_capitata
SEQ1175742	Eukaryota	Annelida	Polychaeta	Capitellida	Capitellidae	Capitella	Capitella_capitata
SEQ1175743	Eukaryota	Annelida	Polychaeta	Capitellida	Capitellidae	Capitella	Capitella_capitata
SEQ1175744	Eukaryota	Annelida	Polychaeta	Capitellida	Capitellidae	Capitella	Capitella_capitata
SEQ1175838	Eukaryota	Annelida	Polychaeta	Capitellida	Capitellidae	Heteromastus	Heteromastus_filiformis
SEQ1175839	Eukaryota	Annelida	Polychaeta	Capitellida	Capitellidae	Heteromastus	Heteromastus_filiformis
SEQ1175840	Eukaryota	Annelida	Polychaeta	Capitellida	Capitellidae	Heteromastus	Heteromastus_filiformis
SEQ1175841	Eukaryota	Annelida	Polychaeta	Capitellida	Capitellidae	Heteromastus	Heteromastus_filiformis
SEQ1175842	Eukaryota	Annelida	Polychaeta	Capitellida	Capitellidae	Heteromastus	Heteromastus_filiformis
SEQ1175843	Eukaryota	Annelida	Polychaeta	Capitellida	Capitellidae	Heteromastus	Heteromastus_filiformis
SEQ1175498	Eukaryota	Annelida	Polychaeta	Orbiniidae	Orbiniidae	Naineris	Naineris_laevigata
SEQ1175499	Eukaryota	Annelida	Polychaeta	Orbiniidae	Orbiniidae	Naineris	Naineris_laevigata
SEQ1184709	Eukaryota	Annelida	Polychaeta	Sabellida	Oweniidae	Galathowenia	Galathowenia_oculata
SEQ1184710	Eukaryota	Annelida	Polychaeta	Sabellida	Oweniidae	Galathowenia	Galathowenia_oculata
SEQ1184711	Eukaryota	Annelida	Polychaeta	Sabellida	Oweniidae	Galathowenia	Galathowenia_oculata
SEQ1184712	Eukaryota	Annelida	Polychaeta	Sabellida	Oweniidae	Galathowenia	Galathowenia_oculata
SEQ1184713	Eukaryota	Annelida	Polychaeta	Sabellida	Oweniidae	Galathowenia	Galathowenia_oculata
SEQ1184714	Eukaryota	Annelida	Polychaeta	Sabellida	Oweniidae	Galathowenia	Galathowenia_oculata
SEQ1184715	Eukaryota	Annelida	Polychaeta	Sabellida	Oweniidae	Galathowenia	Galathowenia_oculata
SEQ1184716	Eukaryota	Annelida	Polychaeta	Sabellida	Oweniidae	Galathowenia	Galathowenia_oculata
SEQ1184717	Eukaryota	Annelida	Polychaeta	Sabellida	Oweniidae	Galathowenia	Galathowenia_oculata
SEQ1184718	Eukaryota	Annelida	Polychaeta	Sabellida	Oweniidae	Galathowenia	Galathowenia_oculata
SEQ1184719	Eukaryota	Annelida	Polychaeta	Sabellida	Oweniidae	Galathowenia	Galathowenia_oculata
SEQ1184720	Eukaryota	Annelida	Polychaeta	Sabellida	Oweniidae	Galathowenia	Galathowenia_oculata
SEQ1184721	Eukaryota	Annelida	Polychaeta	Sabellida	Oweniidae	Galathowenia	Galathowenia_oculata
SEQ1184722	Eukaryota	Annelida	Polychaeta	Sabellida	Oweniidae	Galathowenia	Galathowenia_oculata
SEQ1184723	Eukaryota	Annelida	Polychaeta	Sabellida	Oweniidae	Galathowenia	Galathowenia_oculata
SEQ1184724	Eukaryota	Annelida	Polychaeta	Sabellida	Oweniidae	Galathowenia	Galathowenia_oculata
SEQ1184725	Eukaryota	Annelida	Polychaeta	Sabellida	Oweniidae	Galathowenia	Galathowenia_oculata
SEQ1184726	Eukaryota	Annelida	Polychaeta	Sabellida	Oweniidae	Galathowenia	Galathowenia_oculata
SEQ1184727	Eukaryota	Annelida	Polychaeta	Sabellida	Oweniidae	Galathowenia	Galathowenia_oculata
SEQ1184728	Eukaryota	Annelida	Polychaeta	Sabellida	Oweniidae	Owenia	Owenia_fusiformis
SEQ1184729	Eukaryota	Annelida	Polychaeta	Sabellida	Oweniidae	Owenia	Owenia_fusiformis
SEQ1184730	Eukaryota	Annelida	Polychaeta	Sabellida	Oweniidae	Owenia	Owenia_fusiformis
SEQ1184731	Eukaryota	Annelida	Polychaeta	Sabellida	Oweniidae	Owenia	Owenia_fusiformis
SEQ1184732	Eukaryota	Annelida	Polychaeta	Sabellida	Oweniidae	Owenia	Owenia_fusiformis
SEQ1184733	Eukaryota	Annelida	Polychaeta	Sabellida	Oweniidae	Owenia	Owenia_fusiformis
SEQ1184734	Eukaryota	Annelida	Polychaeta	Sabellida	Oweniidae	Owenia	Owenia_fusiformis
SEQ1184735	Eukaryota	Annelida	Polychaeta	Sabellida	Oweniidae	Owenia	Owenia_fusiformis
SEQ1184736	Eukaryota	Annelida	Polychaeta	Sabellida	Oweniidae	Owenia	Owenia_fusiformis
SEQ1184737	Eukaryota	Annelida	Polychaeta	Sabellida	Oweniidae	Owenia	Owenia_fusiformis
SEQ1184738	Eukaryota	Annelida	Polychaeta	Sabellida	Oweniidae	Owenia	Owenia_fusiformis
SEQ1184739	Eukaryota	Annelida	Polychaeta	Sabellida	Oweniidae	Owenia	Owenia_fusiformis
SEQ1184740	Eukaryota	Annelida	Polychaeta	Sabellida	Oweniidae	Owenia	Owenia_fusiformis
SEQ1184741	Eukaryota	Annelida	Polychaeta	Sabellida	Oweniidae	Owenia	Owenia_fusiformis
SEQ1184742	Eukaryota	Annelida	Polychaeta	Sabellida	Oweniidae	Owenia	Owenia_fusiformis
SEQ1184743	Eukaryota	Annelida	Polychaeta	Sabellida	Oweniidae	Owenia	Owenia_fusiformis
SEQ1184744	Eukaryota	Annelida	Polychaeta	Sabellida	Oweniidae	Owenia	Owenia_fusiformis
SEQ1184745	Eukaryota	Annelida	Polychaeta	Sabellida	Oweniidae	Owenia	Owenia_fusiformis
SEQ1184746	Eukaryota	Annelida	Polychaeta	Sabellida	Oweniidae	Owenia	Owenia_fusiformis
SEQ1184747	Eukaryota	Annelida	Polychaeta	Sabellida	Oweniidae	Owenia	Owenia_fusiformis
SEQ1184748	Eukaryota	Annelida	Polychaeta	Sabellida	Oweniidae	Owenia	Owenia_fusiformis
SEQ1184749	Eukaryota	Annelida	Polychaeta	Sabellida	Oweniidae	Owenia	Owenia_fusiformis
SEQ1184750	Eukaryota	Annelida	Polychaeta	Sabellida	Oweniidae	Owenia	Owenia_fusiformis
SEQ1184751	Eukaryota	Annelida	Polychaeta	Sabellida	Oweniidae	Owenia	Owenia_fusiformis
SEQ1184752	Eukaryota	Annelida	Polychaeta	Sabellida	Oweniidae	Owenia	Owenia_fusiformis
SEQ1184753	Eukaryota	Annelida	Polychaeta	Sabellida	Oweniidae	Owenia	Owenia_fusiformis
SEQ1184754	Eukaryota	Annelida	Polychaeta	Sabellida	Oweniidae	Owenia	Owenia_fusiformis
SEQ1184755	Eukaryota	Annelida	Polychaeta	Sabellida	Oweniidae	Owenia	Owenia_fusiformis
SEQ1184756	Eukaryota	Annelida	Polychaeta	Sabellida	Oweniidae	Owenia	Owenia_fusiformis
SEQ1184757	Eukaryota	Annelida	Polychaeta	Sabellida	Oweniidae	Owenia	Owenia_fusiformis
SEQ1184758	Eukaryota	Annelida	Polychaeta	Sabellida	Oweniidae	Owenia	Owenia_fusiformis
SEQ1184759	Eukaryota	Annelida	Polychaeta	Sabellida	Oweniidae	Owenia	Owenia_fusiformis
SEQ1184760	Eukaryota	Annelida	Polychaeta	Sabellida	Oweniidae	Owenia	Owenia_fusiformis
SEQ1184761	Eukaryota	Annelida	Polychaeta	Sabellida	Oweniidae	Owenia	Owenia_fusiformis
SEQ1184762	Eukaryota	Annelida	Polychaeta	Sabellida	Oweniidae	Owenia	Owenia_fusiformis
SEQ1184763	Eukaryota	Annelida	Polychaeta	Sabellida	Oweniidae	Owenia	Owenia_fusiformis
SEQ1184764	Eukaryota	Annelida	Polychaeta	Sabellida	Oweniidae	Owenia	Owenia_fusiformis
SEQ1184765	Eukaryota	Annelida	Polychaeta	Sabellida	Oweniidae	Owenia	Owenia_fusiformis
SEQ1184766	Eukaryota	Annelida	Polychaeta	Sabellida	Oweniidae	Owenia	Owenia_fusiformis
SEQ1184767	Eukaryota	Annelida	Polychaeta	Sabellida	Oweniidae	Owenia	Owenia_fusiformis
SEQ1184768	Eukaryota	Annelida	Polychaeta	Sabellida	Oweniidae	Owenia	Owenia_fusiformis
SEQ1184769	Eukaryota	Annelida	Polychaeta	Sabellida	Oweniidae	Owenia	Owenia_fusiformis
SEQ1184770	Eukaryota	Annelida	Polychaeta	Sabellida	Oweniidae	Owenia	Owenia_fusiformis
SEQ1184771	Eukaryota	Annelida	Polychaeta	Sabellida	Oweniidae	Owenia	Owenia_fusiformis
SEQ1184772	Eukaryota	Annelida	Polychaeta	Sabellida	Oweniidae	Owenia	Owenia_fusiformis
SEQ1184773	Eukaryota	Annelida	Polychaeta	Sabellida	Oweniidae	Owenia	Owenia_fusiformis
SEQ1184774	Eukaryota	Annelida	Polychaeta	Sabellida	Oweniidae	Owenia	Owenia_fusiformis
SEQ1184775	Eukaryota	Annelida	Polychaeta	Sabellida	Oweniidae	Owenia	Owenia_fusiformis
SEQ1184776	Eukaryota	Annelida	Polychaeta	Sabellida	Oweniidae	Owenia	Owenia_fusiformis
SEQ1184777	Eukaryota	Annelida	Polychaeta	Sabellida	Oweniidae	Owenia	Owenia_fusiformis
SEQ1184778	Eukaryota	Annelida	Polychaeta	Sabellida	Oweniidae	Owenia	Owenia_fusiformis
SEQ1184779	Eukaryota	Annelida	Polychaeta	Sabellida	Oweniidae	Owenia	Owenia_fusiformis
SEQ1184780	Eukaryota	Annelida	Polychaeta	Sabellida	Oweniidae	Owenia	Owenia_fusiformis
SEQ1184781	Eukaryota	Annelida	Polychaeta	Sabellida	Oweniidae	Owenia	Owenia_fusiformis
SEQ1184782	Eukaryota	Annelida	Polychaeta	Sabellida	Oweniidae	Owenia	Owenia_fusiformis
SEQ1184783	Eukaryota	Annelida	Polychaeta	Sabellida	Oweniidae	Owenia	Owenia_fusiformis
SEQ1184784	Eukaryota	Annelida	Polychaeta	Sabellida	Oweniidae	Owenia	Owenia_fusiformis
SEQ1184785	Eukaryota	Annelida	Polychaeta	Sabellida	Oweniidae	Owenia	Owenia_fusiformis
SEQ1184786	Eukaryota	Annelida	Polychaeta	Sabellida	Oweniidae	Owenia	Owenia_fusiformis
SEQ1184787	Eukaryota	Annelida	Polychaeta	Sabellida	Oweniidae	Owenia	Owenia_fusiformis
SEQ1184788	Eukaryota	Annelida	Polychaeta	Sabellida	Oweniidae	Owenia	Owenia_fusiformis
SEQ1184789	Eukaryota	Annelida	Polychaeta	Sabellida	Oweniidae	Owenia	Owenia_fusiformis
SEQ1184790	Eukaryota	Annelida	Polychaeta	Sabellida	Oweniidae	Owenia	Owenia_fusiformis
SEQ1184791	Eukaryota	Annelida	Polychaeta	Sabellida	Oweniidae	Owenia	Owenia_fusiformis
SEQ1184792	Eukaryota	Annelida	Polychaeta	Sabellida	Oweniidae	Owenia	Owenia_fusiformis
SEQ1184793	Eukaryota	Annelida	Polychaeta	Sabellida	Oweniidae	Owenia	Owenia_fusiformis
SEQ1184794	Eukaryota	Annelida	Polychaeta	Sabellida	Oweniidae	Owenia	Owenia_fusiformis
SEQ1184795	Eukaryota	Annelida	Polychaeta	Sabellida	Oweniidae	Owenia	Owenia_fusiformis
SEQ1184796	Eukaryota	Annelida	Polychaeta	Sabellida	Oweniidae	Owenia	Owenia_fusiformis
SEQ1184797	Eukaryota	Annelida	Polychaeta	Sabellida	Oweniidae	Owenia	Owenia_fusiformis
SEQ1184798	Eukaryota	Annelida	Polychaeta	Sabellida	Oweniidae	Owenia	Owenia_fusiformis
SEQ1184799	Eukaryota	Annelida	Polychaeta	Sabellida	Oweniidae	Owenia	Owenia_fusiformis
SEQ1184800	Eukaryota	Annelida	Polychaeta	Sabellida	Oweniidae	Owenia	Owenia_fusiformis
SEQ1184801	Eukaryota	Annelida	Polychaeta	Sabellida	Oweniidae	Owenia	Owenia_fusiformis
SEQ1184802	Eukaryota	Annelida	Polychaeta	Sabellida	Oweniidae	Owenia	Owenia_fusiformis
SEQ1184803	Eukaryota	Annelida	Polychaeta	Sabellida	Oweniidae	Owenia	Owenia_fusiformis
SEQ1184804	Eukaryota	Annelida	Polychaeta	Sabellida	Oweniidae	Owenia	Owenia_fusiformis
SEQ1184805	Eukaryota	Annelida	Polychaeta	Sabellida	Oweniidae	Owenia	Owenia_fusiformis
SEQ1184806	Eukaryota	Annelida	Polychaeta	Sabellida	Oweniidae	Owenia	Owenia_fusiformis
SEQ1184807	Eukaryota	Annelida	Polychaeta	Sabellida	Oweniidae	Owenia	Owenia_fusiformis
SEQ1184808	Eukaryota	Annelida	Polychaeta	Sabellida	Oweniidae	Owenia	Owenia_fusiformis
SEQ1184809	Eukaryota	Annelida	Polychaeta	Sabellida	Oweniidae	Owenia	Owenia_fusiformis
SEQ1184810	Eukaryota	Annelida	Polychaeta	Sabellida	Oweniidae	Owenia	Owenia_fusiformis
SEQ1184811	Eukaryota	Annelida	Polychaeta	Sabellida	Oweniidae	Owenia	Owenia_fusiformis
SEQ1184812	Eukaryota	Annelida	Polychaeta	Sabellida	Oweniidae	Owenia	Owenia_fusiformis
SEQ1184813	Eukaryota	Annelida	Polychaeta	Sabellida	Oweniidae	Owenia	Owenia_fusiformis
SEQ1184814	Eukaryota	Annelida	Polychaeta	Sabellida	Oweniidae	Owenia	Owenia_fusiformis
SEQ1184815	Eukaryota	Annelida	Polychaeta	Sabellida	Oweniidae	Owenia	Owenia_fusiformis
SEQ1184816	Eukaryota	Annelida	Polychaeta	Sabellida	Oweniidae	Owenia	Owenia_fusiformis
SEQ1184817	Eukaryota	Annelida	Polychaeta	Sabellida	Oweniidae	Owenia	Owenia_fusiformis
SEQ1184818	Eukaryota	Annelida	Polychaeta	Sabellida	Oweniidae	Owenia	Owenia_fusiformis
SEQ1184819	Eukaryota	Annelida	Polychaeta	Sabellida	Oweniidae	Owenia	Owenia_fusiformis
SEQ1184820	Eukaryota	Annelida	Polychaeta	Sabellida	Oweniidae	Owenia	Owenia_fusiformis
SEQ1184821	Eukaryota	Annelida	Polychaeta	Sabellida	Oweniidae	Owenia	Owenia_fusiformis
SEQ1184822	Eukaryota	Annelida	Polychaeta	Sabellida	Oweniidae	Owenia	Owenia_fusiformis
SEQ1184823	Eukaryota	Annelida	Polychaeta	Sabellida	Oweniidae	Owenia	Owenia_fusiformis
SEQ1184824	Eukaryota	Annelida	Polychaeta	Sabellida	Oweniidae	Owenia	Owenia_fusiformis
SEQ1184825	Eukaryota	Annelida	Polychaeta	Sabellida	Oweniidae	Owenia	Owenia_fusiformis
SEQ1184826	Eukaryota	Annelida	Polychaeta	Sabellida	Oweniidae	Owenia	Owenia_fusiformis
SEQ1184827	Eukaryota	Annelida	Polychaeta	Sabellida	Oweniidae	Owenia	Owenia_fusiformis
SEQ1184828	Eukaryota	Annelida	Polychaeta	Sabellida	Oweniidae	Owenia	Owenia_fusiformis
SEQ1184829	Eukaryota	Annelida	Polychaeta	Sabellida	Oweniidae	Owenia	Owenia_fusiformis
SEQ1184830	Eukaryota	Annelida	Polychaeta	Sabellida	Oweniidae	Owenia	Owenia_fusiformis
SEQ1184831	Eukaryota	Annelida	Polychaeta	Sabellida	Oweniidae	Owenia	Owenia_fusiformis
SEQ1184832	Eukaryota	Annelida	Polychaeta	Sabellida	Oweniidae	Owenia	Owenia_fusiformis
SEQ1184833	Eukaryota	Annelida	Polychaeta	Sabellida	Oweniidae	Owenia	Owenia_fusiformis
SEQ1184834	Eukaryota	Annelida	Polychaeta	Sabellida	Oweniidae	Owenia	Owenia_fusiformis
SEQ1184835	Eukaryota	Annelida	Polychaeta	Sabellida	Oweniidae	Owenia	Owenia_fusiformis
SEQ1184836	Eukaryota	Annelida	Polychaeta	Sabellida	Oweniidae	Owenia	Owenia_fusiformis
SEQ1184837	Eukaryota	Annelida	Polychaeta	Sabellida	Oweniidae	Owenia	Owenia_fusiformis
SEQ1184838	Eukaryota	Annelida	Polychaeta	Sabellida	Oweniidae	Owenia	Owenia_fusiformis
SEQ1184839	Eukaryota	Annelida	Polychaeta	Sabellida	Oweniidae	Owenia	Owenia_fusiformis
SEQ1184840	Eukaryota	Annelida	Polychaeta	Sabellida	Oweniidae	Owenia	Owenia_fusiformis
SEQ1184841	Eukaryota	Annelida	Polychaeta	Sabellida	Oweniidae	Owenia	Owenia_fusiformis
SEQ1184842	Eukaryota	Annelida	Polychaeta	Sabellida	Oweniidae	Owenia	Owenia_fusiformis
SEQ1184843	Eukaryota	Annelida	Polychaeta	Sabellida	Oweniidae	Owenia	Owenia_fusiformis
SEQ1184844	Eukaryota	Annelida	Polychaeta	Sabellida	Oweniidae	Owenia	Owenia_fusiformis
SEQ1184845	Eukaryota	Annelida	Polychaeta	Sabellida	Oweniidae	Owenia	Owenia_fusiformis
SEQ1184846	Eukaryota	Annelida	Polychaeta	Sabellida	Oweniidae	Owenia	Owenia_fusiformis
SEQ1184847	Eukaryota	Annelida	Polychaeta	Sabellida	Oweniidae	Owenia	Owenia_fusiformis
SEQ1184848	Eukaryota	Annelida	Polychaeta	Sabellida	Oweniidae	Owenia	Owenia_fusiformis
SEQ1184849	Eukaryota	Annelida	Polychaeta	Sabellida	Oweniidae	Owenia	Owenia_fusiformis
SEQ1184850	Eukaryota	Annelida	Polychaeta	Sabellida	Oweniidae	Owenia	Owenia_fusiformis
SEQ1184851	Eukaryota	Annelida	Polychaeta	Sabellida	Oweniidae	Owenia	Owenia_fusiformis
SEQ1184852	Eukaryota	Annelida	Polychaeta	Sabellida	Oweniidae	Owenia	Owenia_fusiformis
SEQ1184853	Eukaryota	Annelida	Polychaeta	Sabellida	Oweniidae	Owenia	Owenia_fusiformis
SEQ1184854	Eukaryota	Annelida	Polychaeta	Sabellida	Oweniidae	Owenia	Owenia_fusiformis
SEQ1184855	Eukaryota	Annelida	Polychaeta	Sabellida	Oweniidae	Owenia	Owenia_fusiformis
SEQ1184856	Eukaryota	Annelida	Polychaeta	Sabellida	Oweniidae	Owenia	Owenia_fusiformis
SEQ1184857	Eukaryota	Annelida	Polychaeta	Sabellida	Oweniidae	Owenia	Owenia_fusiformis
SEQ1184858	Eukaryota	Annelida	Polychaeta	Sabellida	Oweniidae	Owenia	Owenia_fusiformis
SEQ1184859	Eukaryota	Annelida	Polychaeta	Sabellida	Oweniidae	Owenia	Owenia_fusiformis
SEQ1184860	Eukaryota	Annelida	Polychaeta	Sabellida	Oweniidae	Owenia	Owenia_fusiformis
SEQ1184861	Eukaryota	Annelida	Polychaeta	Sabellida	Oweniidae	Owenia	Owenia_fusiformis
SEQ1184862	Eukaryota	Annelida	Polychaeta	Sabellida	Oweniidae	Owenia	Owenia_fusiformis
SEQ1184863	Eukaryota	Annelida	Polychaeta	Sabellida	Oweniidae	Owenia	Owenia_fusiformis
SEQ1184864	Eukaryota	Annelida	Polychaeta	Sabellida	Oweniidae	Owenia	Owenia_fusiformis
SEQ1184865	Eukaryota	Annelida	Polychaeta	Sabellida	Oweniidae	Owenia	Owenia_fusiformis
SEQ1184866	Eukaryota	Annelida	Polychaeta	Sabellida	Oweniidae	Owenia	Owenia_fusiformis
SEQ1184867	Eukaryota	Annelida	Polychaeta	Sabellida	Oweniidae	Owenia	Owenia_fusiformis
SEQ1184868	Eukaryota	Annelida	Polychaeta	Sabellida	Oweniidae	Owenia	Owenia_fusiformis
SEQ1184869	Eukaryota	Annelida	Polychaeta	Sabellida	Oweniidae	Owenia	Owenia_fusiformis
SEQ1184870	Eukaryota	Annelida	Polychaeta	Sabellida	Oweniidae	Owenia	Owenia_fusiformis
SEQ1184871	Eukaryota	Annelida	Polychaeta	Sabellida	Oweniidae	Owenia	Owenia_fusiformis
SEQ1184872	Eukaryota	Annelida	Polychaeta	Sabellida	Oweniidae	Owenia	Owenia_fusiformis
SEQ1184873	Eukaryota	Annelida	Polychaeta	Sabellida	Oweniidae	Owenia	Owenia_fusiformis
SEQ1184874	Eukaryota	Annelida	Polychaeta	Sabellida	Oweniidae	Owenia	Owenia_fusiformis
SEQ1184875	Eukaryota	Annelida	Polychaeta	Sabellida	Oweniidae	Owenia	Owenia_fusiformis
SEQ1184876	Eukaryota	Annelida	Polychaeta	Sabellida	Oweniidae	Owenia	Owenia_fusiformis
SEQ1184877	Eukaryota	Annelida	Polychaeta	Sabellida	Oweniidae	Owenia	Owenia_fusiformis
SEQ1184878	Eukaryota	Annelida	Polychaeta	Sabellida	Oweniidae	Owenia	Owenia_fusiformis
SEQ1184879	Eukaryota	Annelida	Polychaeta	Sabellida	Oweniidae	Owenia	Owenia_fusiformis
SEQ1184880	Eukaryota	Annelida	Polychaeta	Sabellida	Oweniidae	Owenia	Owenia_fusiformis
SEQ1184881	Eukaryota	Annelida	Polychaeta	Sabellida	Oweniidae	Owenia	Owenia_fusiformis
SEQ1184882	Eukaryota	Annelida	Polychaeta	Sabellida	Oweniidae	Owenia	Owenia_fusiformis
SEQ1184883	Eukaryota	Annelida	Polychaeta	Sabellida	Oweniidae	Owenia	Owenia_fusiformis
SEQ1184884	Eukaryota	Annelida	Polychaeta	Sabellida	Oweniidae	Owenia	Owenia_fusiformis
SEQ298383	Eukaryota	Arthropoda	Malacostraca	Amphipoda	Caprellidae	Phtisica	Phtisica_marina
SEQ298384	Eukaryota	Arthropoda	Malacostraca	Amphipoda	Caprellidae	Phtisica	Phtisica_marina
SEQ298385	Eukaryota	Arthropoda	Malacostraca	Amphipoda	Caprellidae	Phtisica	Phtisica_marina
SEQ298386	Eukaryota	Arthropoda	Malacostraca	Amphipoda	Caprellidae	Phtisica	Phtisica_marina
SEQ298387	Eukaryota	Arthropoda	Malacostraca	Amphipoda	Caprellidae	Phtisica	Phtisica_marina
SEQ298388	Eukaryota	Arthropoda	Malacostraca	Amphipoda	Caprellidae	Phtisica	Phtisica_marina
SEQ299432	Eukaryota	Arthropoda	Malacostraca	Amphipoda	Corophiidae	Monocorophium	Monocorophium_insidiosum
SEQ299433	Eukaryota	Arthropoda	Malacostraca	Amphipoda	Corophiidae	Monocorophium	Monocorophium_insidiosum
SEQ299434	Eukaryota	Arthropoda	Malacostraca	Amphipoda	Corophiidae	Monocorophium	Monocorophium_insidiosum
SEQ299435	Eukaryota	Arthropoda	Malacostraca	Amphipoda	Corophiidae	Monocorophium	Monocorophium_insidiosum
SEQ299436	Eukaryota	Arthropoda	Malacostraca	Amphipoda	Corophiidae	Monocorophium	Monocorophium_insidiosum
SEQ299437	Eukaryota	Arthropoda	Malacostraca	Amphipoda	Corophiidae	Monocorophium	Monocorophium_insidiosum
SEQ299438	Eukaryota	Arthropoda	Malacostraca	Amphipoda	Corophiidae	Monocorophium	Monocorophium_insidiosum
SEQ299439	Eukaryota	Arthropoda	Malacostraca	Amphipoda	Corophiidae	Monocorophium	Monocorophium_insidiosum
SEQ299440	Eukaryota	Arthropoda	Malacostraca	Amphipoda	Corophiidae	Monocorophium	Monocorophium_insidiosum
SEQ299441	Eukaryota	Arthropoda	Malacostraca	Amphipoda	Corophiidae	Monocorophium	Monocorophium_insidiosum
SEQ299442	Eukaryota	Arthropoda	Malacostraca	Amphipoda	Corophiidae	Monocorophium	Monocorophium_insidiosum
SEQ299443	Eukaryota	Arthropoda	Malacostraca	Amphipoda	Corophiidae	Monocorophium	Monocorophium_insidiosum
SEQ299444	Eukaryota	Arthropoda	Malacostraca	Amphipoda	Corophiidae	Monocorophium	Monocorophium_insidiosum
SEQ299445	Eukaryota	Arthropoda	Malacostraca	Amphipoda	Corophiidae	Monocorophium	Monocorophium_insidiosum
SEQ299446	Eukaryota	Arthropoda	Malacostraca	Amphipoda	Corophiidae	Monocorophium	Monocorophium_insidiosum
SEQ299447	Eukaryota	Arthropoda	Malacostraca	Amphipoda	Corophiidae	Monocorophium	Monocorophium_insidiosum
SEQ299448	Eukaryota	Arthropoda	Malacostraca	Amphipoda	Corophiidae	Monocorophium	Monocorophium_insidiosum
SEQ299449	Eukaryota	Arthropoda	Malacostraca	Amphipoda	Corophiidae	Monocorophium	Monocorophium_insidiosum
SEQ299450	Eukaryota	Arthropoda	Malacostraca	Amphipoda	Corophiidae	Monocorophium	Monocorophium_insidiosum
SEQ299451	Eukaryota	Arthropoda	Malacostraca	Amphipoda	Corophiidae	Monocorophium	Monocorophium_insidiosum
SEQ299452	Eukaryota	Arthropoda	Malacostraca	Amphipoda	Corophiidae	Monocorophium	Monocorophium_insidiosum
SEQ299453	Eukaryota	Arthropoda	Malacostraca	Amphipoda	Corophiidae	Monocorophium	Monocorophium_insidiosum
SEQ299454	Eukaryota	Arthropoda	Malacostraca	Amphipoda	Corophiidae	Monocorophium	Monocorophium_insidiosum
SEQ297423	Eukaryota	Arthropoda	Malacostraca	Amphipoda	Dexaminidae	Dexamine	Dexamine_spinosa
SEQ297424	Eukaryota	Arthropoda	Malacostraca	Amphipoda	Dexaminidae	Dexamine	Dexamine_spinosa
SEQ298766	Eukaryota	Arthropoda	Malacostraca	Amphipoda	Ischyroceridae	Ericthonius	Ericthonius_difformis
SEQ298758	Eukaryota	Arthropoda	Malacostraca	Amphipoda	Microprotopidae	Microprotopus	Microprotopus_maculatus
SEQ298759	Eukaryota	Arthropoda	Malacostraca	Amphipoda	Microprotopidae	Microprotopus	Microprotopus_maculatus
SEQ298760	Eukaryota	Arthropoda	Malacostraca	Amphipoda	Microprotopidae	Microprotopus	Microprotopus_maculatus
SEQ298761	Eukaryota	Arthropoda	Malacostraca	Amphipoda	Microprotopidae	Microprotopus	Microprotopus_maculatus
SEQ298762	Eukaryota	Arthropoda	Malacostraca	Amphipoda	Microprotopidae	Microprotopus	Microprotopus_maculatus
SEQ295813	Eukaryota	Arthropoda	Malacostraca	Amphipoda	Stenothoidae	Stenothoe	Stenothoe_monoculoides
SEQ272986	Eukaryota	Arthropoda	Malacostraca	Decapoda	Polybiidae	Liocarcinus	Liocarcinus_navigator
SEQ272987	Eukaryota	Arthropoda	Malacostraca	Decapoda	Polybiidae	Liocarcinus	Liocarcinus_navigator
SEQ272988	Eukaryota	Arthropoda	Malacostraca	Decapoda	Polybiidae	Liocarcinus	Liocarcinus_navigator
SEQ272989	Eukaryota	Arthropoda	Malacostraca	Decapoda	Polybiidae	Liocarcinus	Liocarcinus_navigator
SEQ272990	Eukaryota	Arthropoda	Malacostraca	Decapoda	Polybiidae	Liocarcinus	Liocarcinus_navigator
SEQ272991	Eukaryota	Arthropoda	Malacostraca	Decapoda	Polybiidae	Liocarcinus	Liocarcinus_navigator
SEQ272992	Eukaryota	Arthropoda	Malacostraca	Decapoda	Polybiidae	Liocarcinus	Liocarcinus_navigator
SEQ308803	Eukaryota	Arthropoda	Malacostraca	Isopoda	Sphaeromatidae	Sphaeroma	Sphaeroma_serratum
SEQ308804	Eukaryota	Arthropoda	Malacostraca	Isopoda	Sphaeromatidae	Sphaeroma	Sphaeroma_serratum
SEQ313797	Eukaryota	Arthropoda	Malacostraca	Tanaidacea	Tanaididae	Tanais	Tanais_dulongii
SEQ313798	Eukaryota	Arthropoda	Malacostraca	Tanaidacea	Tanaididae	Tanais	Tanais_dulongii
SEQ313799	Eukaryota	Arthropoda	Malacostraca	Tanaidacea	Tanaididae	Tanais	Tanais_dulongii
SEQ224615	Eukaryota	Echinodermata	Echinoidea	Echinoida	Echinidae	Paracentrotus	Paracentrotus_lividus
SEQ224616	Eukaryota	Echinodermata	Echinoidea	Echinoida	Echinidae	Paracentrotus	Paracentrotus_lividus
SEQ224617	Eukaryota	Echinodermata	Echinoidea	Echinoida	Echinidae	Paracentrotus	Paracentrotus_lividus
SEQ224618	Eukaryota	Echinodermata	Echinoidea	Echinoida	Echinidae	Paracentrotus	Paracentrotus_lividus
SEQ224619	Eukaryota	Echinodermata	Echinoidea	Echinoida	Echinidae	Paracentrotus	Paracentrotus_lividus
SEQ224620	Eukaryota	Echinodermata	Echinoidea	Echinoida	Echinidae	Paracentrotus	Paracentrotus_lividus
SEQ224621	Eukaryota	Echinodermata	Echinoidea	Echinoida	Echinidae	Paracentrotus	Paracentrotus_lividus
SEQ224622	Eukaryota	Echinodermata	Echinoidea	Echinoida	Echinidae	Paracentrotus	Paracentrotus_lividus
SEQ224623	Eukaryota	Echinodermata	Echinoidea	Echinoida	Echinidae	Paracentrotus	Paracentrotus_lividus
SEQ224624	Eukaryota	Echinodermata	Echinoidea	Echinoida	Echinidae	Paracentrotus	Paracentrotus_lividus
SEQ224625	Eukaryota	Echinodermata	Echinoidea	Echinoida	Echinidae	Paracentrotus	Paracentrotus_lividus
SEQ224626	Eukaryota	Echinodermata	Echinoidea	Echinoida	Echinidae	Paracentrotus	Paracentrotus_lividus
SEQ224627	Eukaryota	Echinodermata	Echinoidea	Echinoida	Echinidae	Paracentrotus	Paracentrotus_lividus
SEQ224628	Eukaryota	Echinodermata	Echinoidea	Echinoida	Echinidae	Paracentrotus	Paracentrotus_lividus
SEQ224629	Eukaryota	Echinodermata	Echinoidea	Echinoida	Echinidae	Paracentrotus	Paracentrotus_lividus
SEQ224630	Eukaryota	Echinodermata	Echinoidea	Echinoida	Echinidae	Paracentrotus	Paracentrotus_lividus
SEQ224631	Eukaryota	Echinodermata	Echinoidea	Echinoida	Echinidae	Paracentrotus	Paracentrotus_lividus
SEQ224632	Eukaryota	Echinodermata	Echinoidea	Echinoida	Echinidae	Paracentrotus	Paracentrotus_lividus
SEQ224633	Eukaryota	Echinodermata	Echinoidea	Echinoida	Echinidae	Paracentrotus	Paracentrotus_lividus
SEQ224634	Eukaryota	Echinodermata	Echinoidea	Echinoida	Echinidae	Paracentrotus	Paracentrotus_lividus
SEQ224635	Eukaryota	Echinodermata	Echinoidea	Echinoida	Echinidae	Paracentrotus	Paracentrotus_lividus
SEQ224636	Eukaryota	Echinodermata	Echinoidea	Echinoida	Echinidae	Paracentrotus	Paracentrotus_lividus
SEQ224637	Eukaryota	Echinodermata	Echinoidea	Echinoida	Echinidae	Paracentrotus	Paracentrotus_lividus
SEQ224638	Eukaryota	Echinodermata	Echinoidea	Echinoida	Echinidae	Paracentrotus	Paracentrotus_lividus
SEQ224639	Eukaryota	Echinodermata	Echinoidea	Echinoida	Echinidae	Paracentrotus	Paracentrotus_lividus
SEQ224640	Eukaryota	Echinodermata	Echinoidea	Echinoida	Echinidae	Paracentrotus	Paracentrotus_lividus
SEQ224641	Eukaryota	Echinodermata	Echinoidea	Echinoida	Echinidae	Paracentrotus	Paracentrotus_lividus
SEQ224642	Eukaryota	Echinodermata	Echinoidea	Echinoida	Echinidae	Paracentrotus	Paracentrotus_lividus
SEQ224643	Eukaryota	Echinodermata	Echinoidea	Echinoida	Echinidae	Paracentrotus	Paracentrotus_lividus
SEQ224644	Eukaryota	Echinodermata	Echinoidea	Echinoida	Echinidae	Paracentrotus	Paracentrotus_lividus
SEQ224645	Eukaryota	Echinodermata	Echinoidea	Echinoida	Echinidae	Paracentrotus	Paracentrotus_lividus
SEQ224646	Eukaryota	Echinodermata	Echinoidea	Echinoida	Echinidae	Paracentrotus	Paracentrotus_lividus
SEQ224647	Eukaryota	Echinodermata	Echinoidea	Echinoida	Echinidae	Paracentrotus	Paracentrotus_lividus
SEQ224648	Eukaryota	Echinodermata	Echinoidea	Echinoida	Echinidae	Paracentrotus	Paracentrotus_lividus
SEQ224649	Eukaryota	Echinodermata	Echinoidea	Echinoida	Echinidae	Paracentrotus	Paracentrotus_lividus
SEQ224650	Eukaryota	Echinodermata	Echinoidea	Echinoida	Echinidae	Paracentrotus	Paracentrotus_lividus
SEQ224651	Eukaryota	Echinodermata	Echinoidea	Echinoida	Echinidae	Paracentrotus	Paracentrotus_lividus
SEQ224652	Eukaryota	Echinodermata	Echinoidea	Echinoida	Echinidae	Paracentrotus	Paracentrotus_lividus
SEQ224653	Eukaryota	Echinodermata	Echinoidea	Echinoida	Echinidae	Paracentrotus	Paracentrotus_lividus
SEQ224654	Eukaryota	Echinodermata	Echinoidea	Echinoida	Echinidae	Paracentrotus	Paracentrotus_lividus
SEQ224655	Eukaryota	Echinodermata	Echinoidea	Echinoida	Echinidae	Paracentrotus	Paracentrotus_lividus
SEQ224656	Eukaryota	Echinodermata	Echinoidea	Echinoida	Echinidae	Paracentrotus	Paracentrotus_lividus
SEQ224657	Eukaryota	Echinodermata	Echinoidea	Echinoida	Echinidae	Paracentrotus	Paracentrotus_lividus
SEQ224658	Eukaryota	Echinodermata	Echinoidea	Echinoida	Echinidae	Paracentrotus	Paracentrotus_lividus
SEQ224659	Eukaryota	Echinodermata	Echinoidea	Echinoida	Echinidae	Paracentrotus	Paracentrotus_lividus
SEQ224660	Eukaryota	Echinodermata	Echinoidea	Echinoida	Echinidae	Paracentrotus	Paracentrotus_lividus
SEQ224661	Eukaryota	Echinodermata	Echinoidea	Echinoida	Echinidae	Paracentrotus	Paracentrotus_lividus
SEQ224662	Eukaryota	Echinodermata	Echinoidea	Echinoida	Echinidae	Paracentrotus	Paracentrotus_lividus
SEQ224663	Eukaryota	Echinodermata	Echinoidea	Echinoida	Echinidae	Paracentrotus	Paracentrotus_lividus
SEQ224664	Eukaryota	Echinodermata	Echinoidea	Echinoida	Echinidae	Paracentrotus	Paracentrotus_lividus
SEQ224665	Eukaryota	Echinodermata	Echinoidea	Echinoida	Echinidae	Paracentrotus	Paracentrotus_lividus
SEQ224666	Eukaryota	Echinodermata	Echinoidea	Echinoida	Echinidae	Paracentrotus	Paracentrotus_lividus
SEQ224667	Eukaryota	Echinodermata	Echinoidea	Echinoida	Echinidae	Paracentrotus	Paracentrotus_lividus
SEQ224668	Eukaryota	Echinodermata	Echinoidea	Echinoida	Echinidae	Paracentrotus	Paracentrotus_lividus
SEQ224669	Eukaryota	Echinodermata	Echinoidea	Echinoida	Echinidae	Paracentrotus	Paracentrotus_lividus
SEQ224670	Eukaryota	Echinodermata	Echinoidea	Echinoida	Echinidae	Paracentrotus	Paracentrotus_lividus
SEQ224671	Eukaryota	Echinodermata	Echinoidea	Echinoida	Echinidae	Paracentrotus	Paracentrotus_lividus
SEQ224672	Eukaryota	Echinodermata	Echinoidea	Echinoida	Echinidae	Paracentrotus	Paracentrotus_lividus
SEQ224673	Eukaryota	Echinodermata	Echinoidea	Echinoida	Echinidae	Paracentrotus	Paracentrotus_lividus
SEQ224674	Eukaryota	Echinodermata	Echinoidea	Echinoida	Echinidae	Paracentrotus	Paracentrotus_lividus
SEQ224675	Eukaryota	Echinodermata	Echinoidea	Echinoida	Echinidae	Paracentrotus	Paracentrotus_lividus
SEQ224676	Eukaryota	Echinodermata	Echinoidea	Echinoida	Echinidae	Paracentrotus	Paracentrotus_lividus
SEQ224677	Eukaryota	Echinodermata	Echinoidea	Echinoida	Echinidae	Paracentrotus	Paracentrotus_lividus
SEQ224678	Eukaryota	Echinodermata	Echinoidea	Echinoida	Echinidae	Paracentrotus	Paracentrotus_lividus
SEQ224679	Eukaryota	Echinodermata	Echinoidea	Echinoida	Echinidae	Paracentrotus	Paracentrotus_lividus
SEQ224680	Eukaryota	Echinodermata	Echinoidea	Echinoida	Echinidae	Paracentrotus	Paracentrotus_lividus
SEQ224681	Eukaryota	Echinodermata	Echinoidea	Echinoida	Echinidae	Paracentrotus	Paracentrotus_lividus
SEQ224682	Eukaryota	Echinodermata	Echinoidea	Echinoida	Echinidae	Paracentrotus	Paracentrotus_lividus
SEQ224683	Eukaryota	Echinodermata	Echinoidea	Echinoida	Echinidae	Paracentrotus	Paracentrotus_lividus
SEQ224684	Eukaryota	Echinodermata	Echinoidea	Echinoida	Echinidae	Paracentrotus	Paracentrotus_lividus
SEQ224685	Eukaryota	Echinodermata	Echinoidea	Echinoida	Echinidae	Paracentrotus	Paracentrotus_lividus
SEQ224686	Eukaryota	Echinodermata	Echinoidea	Echinoida	Echinidae	Paracentrotus	Paracentrotus_lividus
SEQ224687	Eukaryota	Echinodermata	Echinoidea	Echinoida	Echinidae	Paracentrotus	Paracentrotus_lividus
SEQ224688	Eukaryota	Echinodermata	Echinoidea	Echinoida	Echinidae	Paracentrotus	Paracentrotus_lividus
SEQ224689	Eukaryota	Echinodermata	Echinoidea	Echinoida	Echinidae	Paracentrotus	Paracentrotus_lividus
SEQ224690	Eukaryota	Echinodermata	Echinoidea	Echinoida	Echinidae	Paracentrotus	Paracentrotus_lividus
SEQ224691	Eukaryota	Echinodermata	Echinoidea	Echinoida	Echinidae	Paracentrotus	Paracentrotus_lividus
SEQ224692	Eukaryota	Echinodermata	Echinoidea	Echinoida	Echinidae	Paracentrotus	Paracentrotus_lividus
SEQ224693	Eukaryota	Echinodermata	Echinoidea	Echinoida	Echinidae	Paracentrotus	Paracentrotus_lividus
SEQ224694	Eukaryota	Echinodermata	Echinoidea	Echinoida	Echinidae	Paracentrotus	Paracentrotus_lividus
SEQ224695	Eukaryota	Echinodermata	Echinoidea	Echinoida	Echinidae	Paracentrotus	Paracentrotus_lividus
SEQ224696	Eukaryota	Echinodermata	Echinoidea	Echinoida	Echinidae	Paracentrotus	Paracentrotus_lividus
SEQ224697	Eukaryota	Echinodermata	Echinoidea	Echinoida	Echinidae	Paracentrotus	Paracentrotus_lividus
SEQ224698	Eukaryota	Echinodermata	Echinoidea	Echinoida	Echinidae	Paracentrotus	Paracentrotus_lividus
SEQ224699	Eukaryota	Echinodermata	Echinoidea	Echinoida	Echinidae	Paracentrotus	Paracentrotus_lividus
SEQ224700	Eukaryota	Echinodermata	Echinoidea	Echinoida	Echinidae	Paracentrotus	Paracentrotus_lividus
SEQ224701	Eukaryota	Echinodermata	Echinoidea	Echinoida	Echinidae	Paracentrotus	Paracentrotus_lividus
SEQ224702	Eukaryota	Echinodermata	Echinoidea	Echinoida	Echinidae	Paracentrotus	Paracentrotus_lividus
SEQ224703	Eukaryota	Echinodermata	Echinoidea	Echinoida	Echinidae	Paracentrotus	Paracentrotus_lividus
SEQ224704	Eukaryota	Echinodermata	Echinoidea	Echinoida	Echinidae	Paracentrotus	Paracentrotus_lividus
SEQ224705	Eukaryota	Echinodermata	Echinoidea	Echinoida	Echinidae	Paracentrotus	Paracentrotus_lividus
SEQ224706	Eukaryota	Echinodermata	Echinoidea	Echinoida	Echinidae	Paracentrotus	Paracentrotus_lividus
SEQ224707	Eukaryota	Echinodermata	Echinoidea	Echinoida	Echinidae	Paracentrotus	Paracentrotus_lividus
SEQ224708	Eukaryota	Echinodermata	Echinoidea	Echinoida	Echinidae	Paracentrotus	Paracentrotus_lividus
SEQ224709	Eukaryota	Echinodermata	Echinoidea	Echinoida	Echinidae	Paracentrotus	Paracentrotus_lividus
SEQ224710	Eukaryota	Echinodermata	Echinoidea	Echinoida	Echinidae	Paracentrotus	Paracentrotus_lividus
SEQ224711	Eukaryota	Echinodermata	Echinoidea	Echinoida	Echinidae	Paracentrotus	Paracentrotus_lividus
SEQ224712	Eukaryota	Echinodermata	Echinoidea	Echinoida	Echinidae	Paracentrotus	Paracentrotus_lividus
SEQ224713	Eukaryota	Echinodermata	Echinoidea	Echinoida	Echinidae	Paracentrotus	Paracentrotus_lividus
SEQ224714	Eukaryota	Echinodermata	Echinoidea	Echinoida	Echinidae	Paracentrotus	Paracentrotus_lividus
SEQ224715	Eukaryota	Echinodermata	Echinoidea	Echinoida	Echinidae	Paracentrotus	Paracentrotus_lividus
SEQ224716	Eukaryota	Echinodermata	Echinoidea	Echinoida	Echinidae	Paracentrotus	Paracentrotus_lividus
SEQ224717	Eukaryota	Echinodermata	Echinoidea	Echinoida	Echinidae	Paracentrotus	Paracentrotus_lividus
SEQ224718	Eukaryota	Echinodermata	Echinoidea	Echinoida	Echinidae	Paracentrotus	Paracentrotus_lividus
SEQ224719	Eukaryota	Echinodermata	Echinoidea	Echinoida	Echinidae	Paracentrotus	Paracentrotus_lividus
SEQ224720	Eukaryota	Echinodermata	Echinoidea	Echinoida	Echinidae	Paracentrotus	Paracentrotus_lividus
SEQ224721	Eukaryota	Echinodermata	Echinoidea	Echinoida	Echinidae	Paracentrotus	Paracentrotus_lividus
SEQ224722	Eukaryota	Echinodermata	Echinoidea	Echinoida	Echinidae	Paracentrotus	Paracentrotus_lividus
SEQ224723	Eukaryota	Echinodermata	Echinoidea	Echinoida	Echinidae	Paracentrotus	Paracentrotus_lividus
SEQ224724	Eukaryota	Echinodermata	Echinoidea	Echinoida	Echinidae	Paracentrotus	Paracentrotus_lividus
SEQ224725	Eukaryota	Echinodermata	Echinoidea	Echinoida	Echinidae	Paracentrotus	Paracentrotus_lividus
SEQ224726	Eukaryota	Echinodermata	Echinoidea	Echinoida	Echinidae	Paracentrotus	Paracentrotus_lividus
SEQ224727	Eukaryota	Echinodermata	Echinoidea	Echinoida	Echinidae	Paracentrotus	Paracentrotus_lividus
SEQ224728	Eukaryota	Echinodermata	Echinoidea	Echinoida	Echinidae	Paracentrotus	Paracentrotus_lividus
SEQ224729	Eukaryota	Echinodermata	Echinoidea	Echinoida	Echinidae	Paracentrotus	Paracentrotus_lividus
SEQ224730	Eukaryota	Echinodermata	Echinoidea	Echinoida	Echinidae	Paracentrotus	Paracentrotus_lividus
SEQ224731	Eukaryota	Echinodermata	Echinoidea	Echinoida	Echinidae	Paracentrotus	Paracentrotus_lividus
SEQ224732	Eukaryota	Echinodermata	Echinoidea	Echinoida	Echinidae	Paracentrotus	Paracentrotus_lividus
SEQ224733	Eukaryota	Echinodermata	Echinoidea	Echinoida	Echinidae	Paracentrotus	Paracentrotus_lividus
SEQ224734	Eukaryota	Echinodermata	Echinoidea	Echinoida	Echinidae	Paracentrotus	Paracentrotus_lividus
SEQ224735	Eukaryota	Echinodermata	Echinoidea	Echinoida	Echinidae	Paracentrotus	Paracentrotus_lividus
SEQ224736	Eukaryota	Echinodermata	Echinoidea	Echinoida	Echinidae	Paracentrotus	Paracentrotus_lividus
SEQ224737	Eukaryota	Echinodermata	Echinoidea	Echinoida	Echinidae	Paracentrotus	Paracentrotus_lividus
SEQ224738	Eukaryota	Echinodermata	Echinoidea	Echinoida	Echinidae	Paracentrotus	Paracentrotus_lividus
SEQ224739	Eukaryota	Echinodermata	Echinoidea	Echinoida	Echinidae	Paracentrotus	Paracentrotus_lividus
SEQ224740	Eukaryota	Echinodermata	Echinoidea	Echinoida	Echinidae	Paracentrotus	Paracentrotus_lividus
SEQ224741	Eukaryota	Echinodermata	Echinoidea	Echinoida	Echinidae	Paracentrotus	Paracentrotus_lividus
SEQ224742	Eukaryota	Echinodermata	Echinoidea	Echinoida	Echinidae	Paracentrotus	Paracentrotus_lividus
SEQ224743	Eukaryota	Echinodermata	Echinoidea	Echinoida	Echinidae	Paracentrotus	Paracentrotus_lividus
SEQ224744	Eukaryota	Echinodermata	Echinoidea	Echinoida	Echinidae	Paracentrotus	Paracentrotus_lividus
SEQ224745	Eukaryota	Echinodermata	Echinoidea	Echinoida	Echinidae	Paracentrotus	Paracentrotus_lividus
SEQ224746	Eukaryota	Echinodermata	Echinoidea	Echinoida	Echinidae	Paracentrotus	Paracentrotus_lividus
SEQ224747	Eukaryota	Echinodermata	Echinoidea	Echinoida	Echinidae	Paracentrotus	Paracentrotus_lividus
SEQ224748	Eukaryota	Echinodermata	Echinoidea	Echinoida	Echinidae	Paracentrotus	Paracentrotus_lividus
SEQ224749	Eukaryota	Echinodermata	Echinoidea	Echinoida	Echinidae	Paracentrotus	Paracentrotus_lividus
SEQ224750	Eukaryota	Echinodermata	Echinoidea	Echinoida	Echinidae	Paracentrotus	Paracentrotus_lividus
SEQ224751	Eukaryota	Echinodermata	Echinoidea	Echinoida	Echinidae	Paracentrotus	Paracentrotus_lividus
SEQ224752	Eukaryota	Echinodermata	Echinoidea	Echinoida	Echinidae	Paracentrotus	Paracentrotus_lividus
SEQ224753	Eukaryota	Echinodermata	Echinoidea	Echinoida	Echinidae	Paracentrotus	Paracentrotus_lividus
SEQ224754	Eukaryota	Echinodermata	Echinoidea	Echinoida	Echinidae	Paracentrotus	Paracentrotus_lividus
SEQ224755	Eukaryota	Echinodermata	Echinoidea	Echinoida	Echinidae	Paracentrotus	Paracentrotus_lividus
SEQ224756	Eukaryota	Echinodermata	Echinoidea	Echinoida	Echinidae	Paracentrotus	Paracentrotus_lividus
SEQ224757	Eukaryota	Echinodermata	Echinoidea	Echinoida	Echinidae	Paracentrotus	Paracentrotus_lividus
SEQ224758	Eukaryota	Echinodermata	Echinoidea	Echinoida	Echinidae	Paracentrotus	Paracentrotus_lividus
SEQ224759	Eukaryota	Echinodermata	Echinoidea	Echinoida	Echinidae	Paracentrotus	Paracentrotus_lividus
SEQ224760	Eukaryota	Echinodermata	Echinoidea	Echinoida	Echinidae	Paracentrotus	Paracentrotus_lividus
SEQ224761	Eukaryota	Echinodermata	Echinoidea	Echinoida	Echinidae	Paracentrotus	Paracentrotus_lividus
SEQ224762	Eukaryota	Echinodermata	Echinoidea	Echinoida	Echinidae	Paracentrotus	Paracentrotus_lividus
SEQ224763	Eukaryota	Echinodermata	Echinoidea	Echinoida	Echinidae	Paracentrotus	Paracentrotus_lividus
SEQ224764	Eukaryota	Echinodermata	Echinoidea	Echinoida	Echinidae	Paracentrotus	Paracentrotus_lividus
SEQ224765	Eukaryota	Echinodermata	Echinoidea	Echinoida	Echinidae	Paracentrotus	Paracentrotus_lividus
SEQ224766	Eukaryota	Echinodermata	Echinoidea	Echinoida	Echinidae	Paracentrotus	Paracentrotus_lividus
SEQ224767	Eukaryota	Echinodermata	Echinoidea	Echinoida	Echinidae	Paracentrotus	Paracentrotus_lividus
SEQ224768	Eukaryota	Echinodermata	Echinoidea	Echinoida	Echinidae	Paracentrotus	Paracentrotus_lividus
SEQ224769	Eukaryota	Echinodermata	Echinoidea	Echinoida	Echinidae	Paracentrotus	Paracentrotus_lividus
SEQ224770	Eukaryota	Echinodermata	Echinoidea	Echinoida	Echinidae	Paracentrotus	Paracentrotus_lividus
SEQ224771	Eukaryota	Echinodermata	Echinoidea	Echinoida	Echinidae	Paracentrotus	Paracentrotus_lividus
SEQ224772	Eukaryota	Echinodermata	Echinoidea	Echinoida	Echinidae	Paracentrotus	Paracentrotus_lividus
SEQ224773	Eukaryota	Echinodermata	Echinoidea	Echinoida	Echinidae	Paracentrotus	Paracentrotus_lividus
SEQ224774	Eukaryota	Echinodermata	Echinoidea	Echinoida	Echinidae	Paracentrotus	Paracentrotus_lividus
SEQ224775	Eukaryota	Echinodermata	Echinoidea	Echinoida	Echinidae	Paracentrotus	Paracentrotus_lividus
SEQ224776	Eukaryota	Echinodermata	Echinoidea	Echinoida	Echinidae	Paracentrotus	Paracentrotus_lividus
SEQ224777	Eukaryota	Echinodermata	Echinoidea	Echinoida	Echinidae	Paracentrotus	Paracentrotus_lividus
SEQ224778	Eukaryota	Echinodermata	Echinoidea	Echinoida	Echinidae	Paracentrotus	Paracentrotus_lividus
SEQ224779	Eukaryota	Echinodermata	Echinoidea	Echinoida	Echinidae	Paracentrotus	Paracentrotus_lividus
SEQ224780	Eukaryota	Echinodermata	Echinoidea	Echinoida	Echinidae	Paracentrotus	Paracentrotus_lividus
SEQ224781	Eukaryota	Echinodermata	Echinoidea	Echinoida	Echinidae	Paracentrotus	Paracentrotus_lividus
SEQ224782	Eukaryota	Echinodermata	Echinoidea	Echinoida	Echinidae	Paracentrotus	Paracentrotus_lividus
SEQ224783	Eukaryota	Echinodermata	Echinoidea	Echinoida	Echinidae	Paracentrotus	Paracentrotus_lividus
SEQ224784	Eukaryota	Echinodermata	Echinoidea	Echinoida	Echinidae	Paracentrotus	Paracentrotus_lividus
SEQ224785	Eukaryota	Echinodermata	Echinoidea	Echinoida	Echinidae	Paracentrotus	Paracentrotus_lividus
SEQ224786	Eukaryota	Echinodermata	Echinoidea	Echinoida	Echinidae	Paracentrotus	Paracentrotus_lividus
SEQ224787	Eukaryota	Echinodermata	Echinoidea	Echinoida	Echinidae	Paracentrotus	Paracentrotus_lividus
SEQ224788	Eukaryota	Echinodermata	Echinoidea	Echinoida	Echinidae	Paracentrotus	Paracentrotus_lividus
SEQ224789	Eukaryota	Echinodermata	Echinoidea	Echinoida	Echinidae	Paracentrotus	Paracentrotus_lividus
SEQ224790	Eukaryota	Echinodermata	Echinoidea	Echinoida	Echinidae	Paracentrotus	Paracentrotus_lividus
SEQ224791	Eukaryota	Echinodermata	Echinoidea	Echinoida	Echinidae	Paracentrotus	Paracentrotus_lividus
SEQ224792	Eukaryota	Echinodermata	Echinoidea	Echinoida	Echinidae	Paracentrotus	Paracentrotus_lividus
SEQ224793	Eukaryota	Echinodermata	Echinoidea	Echinoida	Echinidae	Paracentrotus	Paracentrotus_lividus
SEQ224794	Eukaryota	Echinodermata	Echinoidea	Echinoida	Echinidae	Paracentrotus	Paracentrotus_lividus
SEQ224795	Eukaryota	Echinodermata	Echinoidea	Echinoida	Echinidae	Paracentrotus	Paracentrotus_lividus
SEQ224796	Eukaryota	Echinodermata	Echinoidea	Echinoida	Echinidae	Paracentrotus	Paracentrotus_lividus
SEQ224797	Eukaryota	Echinodermata	Echinoidea	Echinoida	Echinidae	Paracentrotus	Paracentrotus_lividus
SEQ224798	Eukaryota	Echinodermata	Echinoidea	Echinoida	Echinidae	Paracentrotus	Paracentrotus_lividus
SEQ224799	Eukaryota	Echinodermata	Echinoidea	Echinoida	Echinidae	Paracentrotus	Paracentrotus_lividus
SEQ224800	Eukaryota	Echinodermata	Echinoidea	Echinoida	Echinidae	Paracentrotus	Paracentrotus_lividus
SEQ224801	Eukaryota	Echinodermata	Echinoidea	Echinoida	Echinidae	Paracentrotus	Paracentrotus_lividus
SEQ224802	Eukaryota	Echinodermata	Echinoidea	Echinoida	Echinidae	Paracentrotus	Paracentrotus_lividus
SEQ224803	Eukaryota	Echinodermata	Echinoidea	Echinoida	Echinidae	Paracentrotus	Paracentrotus_lividus
SEQ224804	Eukaryota	Echinodermata	Echinoidea	Echinoida	Echinidae	Paracentrotus	Paracentrotus_lividus
SEQ224805	Eukaryota	Echinodermata	Echinoidea	Echinoida	Echinidae	Paracentrotus	Paracentrotus_lividus
SEQ224806	Eukaryota	Echinodermata	Echinoidea	Echinoida	Echinidae	Paracentrotus	Paracentrotus_lividus
SEQ224807	Eukaryota	Echinodermata	Echinoidea	Echinoida	Echinidae	Paracentrotus	Paracentrotus_lividus
SEQ224808	Eukaryota	Echinodermata	Echinoidea	Echinoida	Echinidae	Paracentrotus	Paracentrotus_lividus
SEQ224809	Eukaryota	Echinodermata	Echinoidea	Echinoida	Echinidae	Paracentrotus	Paracentrotus_lividus
SEQ224810	Eukaryota	Echinodermata	Echinoidea	Echinoida	Echinidae	Paracentrotus	Paracentrotus_lividus
SEQ224811	Eukaryota	Echinodermata	Echinoidea	Echinoida	Echinidae	Paracentrotus	Paracentrotus_lividus
SEQ224812	Eukaryota	Echinodermata	Echinoidea	Echinoida	Echinidae	Paracentrotus	Paracentrotus_lividus
SEQ224813	Eukaryota	Echinodermata	Echinoidea	Echinoida	Echinidae	Paracentrotus	Paracentrotus_lividus
SEQ224814	Eukaryota	Echinodermata	Echinoidea	Echinoida	Echinidae	Paracentrotus	Paracentrotus_lividus
SEQ224815	Eukaryota	Echinodermata	Echinoidea	Echinoida	Echinidae	Paracentrotus	Paracentrotus_lividus
SEQ224816	Eukaryota	Echinodermata	Echinoidea	Echinoida	Echinidae	Paracentrotus	Paracentrotus_lividus
SEQ224817	Eukaryota	Echinodermata	Echinoidea	Echinoida	Echinidae	Paracentrotus	Paracentrotus_lividus
SEQ224818	Eukaryota	Echinodermata	Echinoidea	Echinoida	Echinidae	Paracentrotus	Paracentrotus_lividus
SEQ224819	Eukaryota	Echinodermata	Echinoidea	Echinoida	Echinidae	Paracentrotus	Paracentrotus_lividus
SEQ224820	Eukaryota	Echinodermata	Echinoidea	Echinoida	Echinidae	Paracentrotus	Paracentrotus_lividus
SEQ224821	Eukaryota	Echinodermata	Echinoidea	Echinoida	Echinidae	Paracentrotus	Paracentrotus_lividus
SEQ224822	Eukaryota	Echinodermata	Echinoidea	Echinoida	Echinidae	Paracentrotus	Paracentrotus_lividus
SEQ224823	Eukaryota	Echinodermata	Echinoidea	Echinoida	Echinidae	Paracentrotus	Paracentrotus_lividus
SEQ224824	Eukaryota	Echinodermata	Echinoidea	Echinoida	Echinidae	Paracentrotus	Paracentrotus_lividus
SEQ224825	Eukaryota	Echinodermata	Echinoidea	Echinoida	Echinidae	Paracentrotus	Paracentrotus_lividus
SEQ224826	Eukaryota	Echinodermata	Echinoidea	Echinoida	Echinidae	Paracentrotus	Paracentrotus_lividus
SEQ224827	Eukaryota	Echinodermata	Echinoidea	Echinoida	Echinidae	Paracentrotus	Paracentrotus_lividus
SEQ224828	Eukaryota	Echinodermata	Echinoidea	Echinoida	Echinidae	Paracentrotus	Paracentrotus_lividus
SEQ224829	Eukaryota	Echinodermata	Echinoidea	Echinoida	Echinidae	Paracentrotus	Paracentrotus_lividus
SEQ224830	Eukaryota	Echinodermata	Echinoidea	Echinoida	Echinidae	Paracentrotus	Paracentrotus_lividus
SEQ224831	Eukaryota	Echinodermata	Echinoidea	Echinoida	Echinidae	Paracentrotus	Paracentrotus_lividus
SEQ224832	Eukaryota	Echinodermata	Echinoidea	Echinoida	Echinidae	Paracentrotus	Paracentrotus_lividus
SEQ224833	Eukaryota	Echinodermata	Echinoidea	Echinoida	Echinidae	Paracentrotus	Paracentrotus_lividus
SEQ224834	Eukaryota	Echinodermata	Echinoidea	Echinoida	Echinidae	Paracentrotus	Paracentrotus_lividus
SEQ224835	Eukaryota	Echinodermata	Echinoidea	Echinoida	Echinidae	Paracentrotus	Paracentrotus_lividus
SEQ224836	Eukaryota	Echinodermata	Echinoidea	Echinoida	Echinidae	Paracentrotus	Paracentrotus_lividus
SEQ224837	Eukaryota	Echinodermata	Echinoidea	Echinoida	Echinidae	Paracentrotus	Paracentrotus_lividus
SEQ224838	Eukaryota	Echinodermata	Echinoidea	Echinoida	Echinidae	Paracentrotus	Paracentrotus_lividus
SEQ224839	Eukaryota	Echinodermata	Echinoidea	Echinoida	Echinidae	Paracentrotus	Paracentrotus_lividus
SEQ224840	Eukaryota	Echinodermata	Echinoidea	Echinoida	Echinidae	Paracentrotus	Paracentrotus_lividus
SEQ224841	Eukaryota	Echinodermata	Echinoidea	Echinoida	Echinidae	Paracentrotus	Paracentrotus_lividus
SEQ224842	Eukaryota	Echinodermata	Echinoidea	Echinoida	Echinidae	Paracentrotus	Paracentrotus_lividus
SEQ224843	Eukaryota	Echinodermata	Echinoidea	Echinoida	Echinidae	Paracentrotus	Paracentrotus_lividus
SEQ224844	Eukaryota	Echinodermata	Echinoidea	Echinoida	Echinidae	Paracentrotus	Paracentrotus_lividus
SEQ224845	Eukaryota	Echinodermata	Echinoidea	Echinoida	Echinidae	Paracentrotus	Paracentrotus_lividus
SEQ224846	Eukaryota	Echinodermata	Echinoidea	Echinoida	Echinidae	Paracentrotus	Paracentrotus_lividus
SEQ224847	Eukaryota	Echinodermata	Echinoidea	Echinoida	Echinidae	Paracentrotus	Paracentrotus_lividus
SEQ224848	Eukaryota	Echinodermata	Echinoidea	Echinoida	Echinidae	Paracentrotus	Paracentrotus_lividus
SEQ224849	Eukaryota	Echinodermata	Echinoidea	Echinoida	Echinidae	Paracentrotus	Paracentrotus_lividus
SEQ224850	Eukaryota	Echinodermata	Echinoidea	Echinoida	Echinidae	Paracentrotus	Paracentrotus_lividus
SEQ224851	Eukaryota	Echinodermata	Echinoidea	Echinoida	Echinidae	Paracentrotus	Paracentrotus_lividus
SEQ224852	Eukaryota	Echinodermata	Echinoidea	Echinoida	Echinidae	Paracentrotus	Paracentrotus_lividus
SEQ224853	Eukaryota	Echinodermata	Echinoidea	Echinoida	Echinidae	Paracentrotus	Paracentrotus_lividus
SEQ224854	Eukaryota	Echinodermata	Echinoidea	Echinoida	Echinidae	Paracentrotus	Paracentrotus_lividus
SEQ224855	Eukaryota	Echinodermata	Echinoidea	Echinoida	Echinidae	Paracentrotus	Paracentrotus_lividus
SEQ224856	Eukaryota	Echinodermata	Echinoidea	Echinoida	Echinidae	Paracentrotus	Paracentrotus_lividus
SEQ224857	Eukaryota	Echinodermata	Echinoidea	Echinoida	Echinidae	Paracentrotus	Paracentrotus_lividus
SEQ224858	Eukaryota	Echinodermata	Echinoidea	Echinoida	Echinidae	Paracentrotus	Paracentrotus_lividus
SEQ224859	Eukaryota	Echinodermata	Echinoidea	Echinoida	Echinidae	Paracentrotus	Paracentrotus_lividus
SEQ224860	Eukaryota	Echinodermata	Echinoidea	Echinoida	Echinidae	Paracentrotus	Paracentrotus_lividus
SEQ224861	Eukaryota	Echinodermata	Echinoidea	Echinoida	Echinidae	Paracentrotus	Paracentrotus_lividus
SEQ224862	Eukaryota	Echinodermata	Echinoidea	Echinoida	Echinidae	Paracentrotus	Paracentrotus_lividus
SEQ224863	Eukaryota	Echinodermata	Echinoidea	Echinoida	Echinidae	Paracentrotus	Paracentrotus_lividus
SEQ224864	Eukaryota	Echinodermata	Echinoidea	Echinoida	Echinidae	Paracentrotus	Paracentrotus_lividus
SEQ224865	Eukaryota	Echinodermata	Echinoidea	Echinoida	Echinidae	Paracentrotus	Paracentrotus_lividus
SEQ224866	Eukaryota	Echinodermata	Echinoidea	Echinoida	Echinidae	Paracentrotus	Paracentrotus_lividus
SEQ224867	Eukaryota	Echinodermata	Echinoidea	Echinoida	Echinidae	Paracentrotus	Paracentrotus_lividus
SEQ224868	Eukaryota	Echinodermata	Echinoidea	Echinoida	Echinidae	Paracentrotus	Paracentrotus_lividus
SEQ224869	Eukaryota	Echinodermata	Echinoidea	Echinoida	Echinidae	Paracentrotus	Paracentrotus_lividus
SEQ224870	Eukaryota	Echinodermata	Echinoidea	Echinoida	Echinidae	Paracentrotus	Paracentrotus_lividus
SEQ224871	Eukaryota	Echinodermata	Echinoidea	Echinoida	Echinidae	Paracentrotus	Paracentrotus_lividus
SEQ224872	Eukaryota	Echinodermata	Echinoidea	Echinoida	Echinidae	Paracentrotus	Paracentrotus_lividus
SEQ228636	Eukaryota	Echinodermata	Holothuroidea	Dendrochirotida	Cucumariidae	Leptopentacta	Leptopentacta_elongata
SEQ228637	Eukaryota	Echinodermata	Holothuroidea	Dendrochirotida	Cucumariidae	Leptopentacta	Leptopentacta_elongata
SEQ221024	Eukaryota	Echinodermata	Ophiuroidea	Ophiurida	Amphiuridae	Amphipholis	Amphipholis_squamata
SEQ221025	Eukaryota	Echinodermata	Ophiuroidea	Ophiurida	Amphiuridae	Amphipholis	Amphipholis_squamata
SEQ221026	Eukaryota	Echinodermata	Ophiuroidea	Ophiurida	Amphiuridae	Amphipholis	Amphipholis_squamata
SEQ221027	Eukaryota	Echinodermata	Ophiuroidea	Ophiurida	Amphiuridae	Amphipholis	Amphipholis_squamata
SEQ221028	Eukaryota	Echinodermata	Ophiuroidea	Ophiurida	Amphiuridae	Amphipholis	Amphipholis_squamata
SEQ221029	Eukaryota	Echinodermata	Ophiuroidea	Ophiurida	Amphiuridae	Amphipholis	Amphipholis_squamata
SEQ221030	Eukaryota	Echinodermata	Ophiuroidea	Ophiurida	Amphiuridae	Amphipholis	Amphipholis_squamata
SEQ221031	Eukaryota	Echinodermata	Ophiuroidea	Ophiurida	Amphiuridae	Amphipholis	Amphipholis_squamata
SEQ221032	Eukaryota	Echinodermata	Ophiuroidea	Ophiurida	Amphiuridae	Amphipholis	Amphipholis_squamata
SEQ221033	Eukaryota	Echinodermata	Ophiuroidea	Ophiurida	Amphiuridae	Amphipholis	Amphipholis_squamata
SEQ221034	Eukaryota	Echinodermata	Ophiuroidea	Ophiurida	Amphiuridae	Amphipholis	Amphipholis_squamata
SEQ221035	Eukaryota	Echinodermata	Ophiuroidea	Ophiurida	Amphiuridae	Amphipholis	Amphipholis_squamata
SEQ221036	Eukaryota	Echinodermata	Ophiuroidea	Ophiurida	Amphiuridae	Amphipholis	Amphipholis_squamata
SEQ221037	Eukaryota	Echinodermata	Ophiuroidea	Ophiurida	Amphiuridae	Amphipholis	Amphipholis_squamata
SEQ221038	Eukaryota	Echinodermata	Ophiuroidea	Ophiurida	Amphiuridae	Amphipholis	Amphipholis_squamata
SEQ221039	Eukaryota	Echinodermata	Ophiuroidea	Ophiurida	Amphiuridae	Amphipholis	Amphipholis_squamata
SEQ221040	Eukaryota	Echinodermata	Ophiuroidea	Ophiurida	Amphiuridae	Amphipholis	Amphipholis_squamata
SEQ221041	Eukaryota	Echinodermata	Ophiuroidea	Ophiurida	Amphiuridae	Amphipholis	Amphipholis_squamata
SEQ221042	Eukaryota	Echinodermata	Ophiuroidea	Ophiurida	Amphiuridae	Amphipholis	Amphipholis_squamata
SEQ221043	Eukaryota	Echinodermata	Ophiuroidea	Ophiurida	Amphiuridae	Amphipholis	Amphipholis_squamata
SEQ221044	Eukaryota	Echinodermata	Ophiuroidea	Ophiurida	Amphiuridae	Amphipholis	Amphipholis_squamata
SEQ221045	Eukaryota	Echinodermata	Ophiuroidea	Ophiurida	Amphiuridae	Amphipholis	Amphipholis_squamata
SEQ221046	Eukaryota	Echinodermata	Ophiuroidea	Ophiurida	Amphiuridae	Amphipholis	Amphipholis_squamata
SEQ220671	Eukaryota	Echinodermata	Ophiuroidea	Ophiurida	Ophiuridae	Ophiura	Ophiura_albida
SEQ220672	Eukaryota	Echinodermata	Ophiuroidea	Ophiurida	Ophiuridae	Ophiura	Ophiura_albida
SEQ220673	Eukaryota	Echinodermata	Ophiuroidea	Ophiurida	Ophiuridae	Ophiura	Ophiura_albida
SEQ220674	Eukaryota	Echinodermata	Ophiuroidea	Ophiurida	Ophiuridae	Ophiura	Ophiura_albida
SEQ220675	Eukaryota	Echinodermata	Ophiuroidea	Ophiurida	Ophiuridae	Ophiura	Ophiura_albida
SEQ220676	Eukaryota	Echinodermata	Ophiuroidea	Ophiurida	Ophiuridae	Ophiura	Ophiura_albida
SEQ220677	Eukaryota	Echinodermata	Ophiuroidea	Ophiurida	Ophiuridae	Ophiura	Ophiura_albida
SEQ220678	Eukaryota	Echinodermata	Ophiuroidea	Ophiurida	Ophiuridae	Ophiura	Ophiura_albida
SEQ220679	Eukaryota	Echinodermata	Ophiuroidea	Ophiurida	Ophiuridae	Ophiura	Ophiura_albida
SEQ220680	Eukaryota	Echinodermata	Ophiuroidea	Ophiurida	Ophiuridae	Ophiura	Ophiura_albida
SEQ1191162	Eukaryota	Mollusca	Bivalvia	Veneroida	Pharidae	Phaxas	Phaxas_pellucidus
SEQ1191163	Eukaryota	Mollusca	Bivalvia	Veneroida	Pharidae	Phaxas	Phaxas_pellucidus
SEQ1191164	Eukaryota	Mollusca	Bivalvia	Veneroida	Pharidae	Phaxas	Phaxas_pellucidus
SEQ1191165	Eukaryota	Mollusca	Bivalvia	Veneroida	Pharidae	Phaxas	Phaxas_pellucidus
SEQ1191166	Eukaryota	Mollusca	Bivalvia	Veneroida	Pharidae	Phaxas	Phaxas_pellucidus
SEQ1191167	Eukaryota	Mollusca	Bivalvia	Veneroida	Pharidae	Phaxas	Phaxas_pellucidus
SEQ1191168	Eukaryota	Mollusca	Bivalvia	Veneroida	Pharidae	Phaxas	Phaxas_pellucidus
SEQ1191169	Eukaryota	Mollusca	Bivalvia	Veneroida	Pharidae	Phaxas	Phaxas_pellucidus
SEQ1191170	Eukaryota	Mollusca	Bivalvia	Veneroida	Pharidae	Phaxas	Phaxas_pellucidus
SEQ1191171	Eukaryota	Mollusca	Bivalvia	Veneroida	Pharidae	Phaxas	Phaxas_pellucidus
SEQ1191172	Eukaryota	Mollusca	Bivalvia	Veneroida	Pharidae	Phaxas	Phaxas_pellucidus
SEQ1191173	Eukaryota	Mollusca	Bivalvia	Veneroida	Pharidae	Phaxas	Phaxas_pellucidus
SEQ1191174	Eukaryota	Mollusca	Bivalvia	Veneroida	Pharidae	Phaxas	Phaxas_pellucidus
SEQ1191175	Eukaryota	Mollusca	Bivalvia	Veneroida	Pharidae	Phaxas	Phaxas_pellucidus
SEQ1191176	Eukaryota	Mollusca	Bivalvia	Veneroida	Pharidae	Phaxas	Phaxas_pellucidus
SEQ1187232	Eukaryota	Mollusca	Bivalvia	Veneroida	Cardiidae	Cerastoderma	Cerastoderma_glaucum
SEQ1187233	Eukaryota	Mollusca	Bivalvia	Veneroida	Cardiidae	Cerastoderma	Cerastoderma_glaucum
SEQ1187234	Eukaryota	Mollusca	Bivalvia	Veneroida	Cardiidae	Cerastoderma	Cerastoderma_glaucum
SEQ1187235	Eukaryota	Mollusca	Bivalvia	Veneroida	Cardiidae	Cerastoderma	Cerastoderma_glaucum
SEQ1187236	Eukaryota	Mollusca	Bivalvia	Veneroida	Cardiidae	Cerastoderma	Cerastoderma_glaucum
SEQ1187237	Eukaryota	Mollusca	Bivalvia	Veneroida	Cardiidae	Cerastoderma	Cerastoderma_glaucum
SEQ1187238	Eukaryota	Mollusca	Bivalvia	Veneroida	Cardiidae	Cerastoderma	Cerastoderma_glaucum
SEQ1187239	Eukaryota	Mollusca	Bivalvia	Veneroida	Cardiidae	Cerastoderma	Cerastoderma_glaucum
SEQ1187240	Eukaryota	Mollusca	Bivalvia	Veneroida	Cardiidae	Cerastoderma	Cerastoderma_glaucum
SEQ1187241	Eukaryota	Mollusca	Bivalvia	Veneroida	Cardiidae	Cerastoderma	Cerastoderma_glaucum
SEQ1187242	Eukaryota	Mollusca	Bivalvia	Veneroida	Cardiidae	Cerastoderma	Cerastoderma_glaucum
SEQ1187243	Eukaryota	Mollusca	Bivalvia	Veneroida	Cardiidae	Cerastoderma	Cerastoderma_glaucum
SEQ1187244	Eukaryota	Mollusca	Bivalvia	Veneroida	Cardiidae	Cerastoderma	Cerastoderma_glaucum
SEQ1187245	Eukaryota	Mollusca	Bivalvia	Veneroida	Cardiidae	Cerastoderma	Cerastoderma_glaucum
SEQ1187246	Eukaryota	Mollusca	Bivalvia	Veneroida	Cardiidae	Cerastoderma	Cerastoderma_glaucum
SEQ1187247	Eukaryota	Mollusca	Bivalvia	Veneroida	Cardiidae	Cerastoderma	Cerastoderma_glaucum
SEQ1187248	Eukaryota	Mollusca	Bivalvia	Veneroida	Cardiidae	Cerastoderma	Cerastoderma_glaucum
SEQ1187249	Eukaryota	Mollusca	Bivalvia	Veneroida	Cardiidae	Cerastoderma	Cerastoderma_glaucum
SEQ1187250	Eukaryota	Mollusca	Bivalvia	Veneroida	Cardiidae	Cerastoderma	Cerastoderma_glaucum
SEQ1187251	Eukaryota	Mollusca	Bivalvia	Veneroida	Cardiidae	Cerastoderma	Cerastoderma_glaucum
SEQ1187252	Eukaryota	Mollusca	Bivalvia	Veneroida	Cardiidae	Cerastoderma	Cerastoderma_glaucum
SEQ1187253	Eukaryota	Mollusca	Bivalvia	Veneroida	Cardiidae	Cerastoderma	Cerastoderma_glaucum
SEQ1187254	Eukaryota	Mollusca	Bivalvia	Veneroida	Cardiidae	Cerastoderma	Cerastoderma_glaucum
SEQ1187255	Eukaryota	Mollusca	Bivalvia	Veneroida	Cardiidae	Cerastoderma	Cerastoderma_glaucum
SEQ1187256	Eukaryota	Mollusca	Bivalvia	Veneroida	Cardiidae	Cerastoderma	Cerastoderma_glaucum
SEQ1187257	Eukaryota	Mollusca	Bivalvia	Veneroida	Cardiidae	Cerastoderma	Cerastoderma_glaucum
SEQ1187258	Eukaryota	Mollusca	Bivalvia	Veneroida	Cardiidae	Cerastoderma	Cerastoderma_glaucum
SEQ1187259	Eukaryota	Mollusca	Bivalvia	Veneroida	Cardiidae	Cerastoderma	Cerastoderma_glaucum
SEQ1187260	Eukaryota	Mollusca	Bivalvia	Veneroida	Cardiidae	Cerastoderma	Cerastoderma_glaucum
SEQ1187261	Eukaryota	Mollusca	Bivalvia	Veneroida	Cardiidae	Cerastoderma	Cerastoderma_glaucum
SEQ1187262	Eukaryota	Mollusca	Bivalvia	Veneroida	Cardiidae	Cerastoderma	Cerastoderma_glaucum
SEQ1187263	Eukaryota	Mollusca	Bivalvia	Veneroida	Cardiidae	Cerastoderma	Cerastoderma_glaucum
SEQ1187264	Eukaryota	Mollusca	Bivalvia	Veneroida	Cardiidae	Cerastoderma	Cerastoderma_glaucum
SEQ1187265	Eukaryota	Mollusca	Bivalvia	Veneroida	Cardiidae	Cerastoderma	Cerastoderma_glaucum
SEQ1187266	Eukaryota	Mollusca	Bivalvia	Veneroida	Cardiidae	Cerastoderma	Cerastoderma_glaucum
SEQ1187267	Eukaryota	Mollusca	Bivalvia	Veneroida	Cardiidae	Cerastoderma	Cerastoderma_glaucum
SEQ1187268	Eukaryota	Mollusca	Bivalvia	Veneroida	Cardiidae	Cerastoderma	Cerastoderma_glaucum
SEQ1187269	Eukaryota	Mollusca	Bivalvia	Veneroida	Cardiidae	Cerastoderma	Cerastoderma_glaucum
SEQ1187270	Eukaryota	Mollusca	Bivalvia	Veneroida	Cardiidae	Cerastoderma	Cerastoderma_glaucum
SEQ1187271	Eukaryota	Mollusca	Bivalvia	Veneroida	Cardiidae	Cerastoderma	Cerastoderma_glaucum
SEQ1187272	Eukaryota	Mollusca	Bivalvia	Veneroida	Cardiidae	Cerastoderma	Cerastoderma_glaucum
SEQ1187273	Eukaryota	Mollusca	Bivalvia	Veneroida	Cardiidae	Cerastoderma	Cerastoderma_glaucum
SEQ1187274	Eukaryota	Mollusca	Bivalvia	Veneroida	Cardiidae	Cerastoderma	Cerastoderma_glaucum
SEQ1187275	Eukaryota	Mollusca	Bivalvia	Veneroida	Cardiidae	Cerastoderma	Cerastoderma_glaucum
SEQ1187276	Eukaryota	Mollusca	Bivalvia	Veneroida	Cardiidae	Cerastoderma	Cerastoderma_glaucum
SEQ1187277	Eukaryota	Mollusca	Bivalvia	Veneroida	Cardiidae	Cerastoderma	Cerastoderma_glaucum
SEQ1187278	Eukaryota	Mollusca	Bivalvia	Veneroida	Cardiidae	Cerastoderma	Cerastoderma_glaucum
SEQ1187279	Eukaryota	Mollusca	Bivalvia	Veneroida	Cardiidae	Cerastoderma	Cerastoderma_glaucum
SEQ1187280	Eukaryota	Mollusca	Bivalvia	Veneroida	Cardiidae	Cerastoderma	Cerastoderma_glaucum
SEQ1187281	Eukaryota	Mollusca	Bivalvia	Veneroida	Cardiidae	Cerastoderma	Cerastoderma_glaucum
SEQ1187282	Eukaryota	Mollusca	Bivalvia	Veneroida	Cardiidae	Cerastoderma	Cerastoderma_glaucum
SEQ1187283	Eukaryota	Mollusca	Bivalvia	Veneroida	Cardiidae	Cerastoderma	Cerastoderma_glaucum
SEQ1187284	Eukaryota	Mollusca	Bivalvia	Veneroida	Cardiidae	Cerastoderma	Cerastoderma_glaucum
SEQ1187285	Eukaryota	Mollusca	Bivalvia	Veneroida	Cardiidae	Cerastoderma	Cerastoderma_glaucum
SEQ1187286	Eukaryota	Mollusca	Bivalvia	Veneroida	Cardiidae	Cerastoderma	Cerastoderma_glaucum
SEQ1187287	Eukaryota	Mollusca	Bivalvia	Veneroida	Cardiidae	Cerastoderma	Cerastoderma_glaucum
SEQ1187288	Eukaryota	Mollusca	Bivalvia	Veneroida	Cardiidae	Cerastoderma	Cerastoderma_glaucum
SEQ1187289	Eukaryota	Mollusca	Bivalvia	Veneroida	Cardiidae	Cerastoderma	Cerastoderma_glaucum
SEQ1187290	Eukaryota	Mollusca	Bivalvia	Veneroida	Cardiidae	Cerastoderma	Cerastoderma_glaucum
SEQ1187291	Eukaryota	Mollusca	Bivalvia	Veneroida	Cardiidae	Cerastoderma	Cerastoderma_glaucum
SEQ1187292	Eukaryota	Mollusca	Bivalvia	Veneroida	Cardiidae	Cerastoderma	Cerastoderma_glaucum
SEQ1187293	Eukaryota	Mollusca	Bivalvia	Veneroida	Cardiidae	Cerastoderma	Cerastoderma_glaucum
SEQ1187294	Eukaryota	Mollusca	Bivalvia	Veneroida	Cardiidae	Cerastoderma	Cerastoderma_glaucum
SEQ1187295	Eukaryota	Mollusca	Bivalvia	Veneroida	Cardiidae	Cerastoderma	Cerastoderma_glaucum
SEQ1187296	Eukaryota	Mollusca	Bivalvia	Veneroida	Cardiidae	Cerastoderma	Cerastoderma_glaucum
SEQ1187297	Eukaryota	Mollusca	Bivalvia	Veneroida	Cardiidae	Cerastoderma	Cerastoderma_glaucum
SEQ1187298	Eukaryota	Mollusca	Bivalvia	Veneroida	Cardiidae	Cerastoderma	Cerastoderma_glaucum
SEQ1187299	Eukaryota	Mollusca	Bivalvia	Veneroida	Cardiidae	Cerastoderma	Cerastoderma_glaucum
SEQ1187300	Eukaryota	Mollusca	Bivalvia	Veneroida	Cardiidae	Cerastoderma	Cerastoderma_glaucum
SEQ1187301	Eukaryota	Mollusca	Bivalvia	Veneroida	Cardiidae	Cerastoderma	Cerastoderma_glaucum
SEQ1187302	Eukaryota	Mollusca	Bivalvia	Veneroida	Cardiidae	Cerastoderma	Cerastoderma_glaucum
SEQ1187303	Eukaryota	Mollusca	Bivalvia	Veneroida	Cardiidae	Cerastoderma	Cerastoderma_glaucum
SEQ1187304	Eukaryota	Mollusca	Bivalvia	Veneroida	Cardiidae	Cerastoderma	Cerastoderma_glaucum
SEQ1187305	Eukaryota	Mollusca	Bivalvia	Veneroida	Cardiidae	Cerastoderma	Cerastoderma_glaucum
SEQ1187306	Eukaryota	Mollusca	Bivalvia	Veneroida	Cardiidae	Cerastoderma	Cerastoderma_glaucum
SEQ1187307	Eukaryota	Mollusca	Bivalvia	Veneroida	Cardiidae	Cerastoderma	Cerastoderma_glaucum
SEQ1187308	Eukaryota	Mollusca	Bivalvia	Veneroida	Cardiidae	Cerastoderma	Cerastoderma_glaucum
SEQ1187309	Eukaryota	Mollusca	Bivalvia	Veneroida	Cardiidae	Cerastoderma	Cerastoderma_glaucum
SEQ1187310	Eukaryota	Mollusca	Bivalvia	Veneroida	Cardiidae	Cerastoderma	Cerastoderma_glaucum
SEQ1187311	Eukaryota	Mollusca	Bivalvia	Veneroida	Cardiidae	Cerastoderma	Cerastoderma_glaucum
SEQ1187312	Eukaryota	Mollusca	Bivalvia	Veneroida	Cardiidae	Cerastoderma	Cerastoderma_glaucum
SEQ1187313	Eukaryota	Mollusca	Bivalvia	Veneroida	Cardiidae	Cerastoderma	Cerastoderma_glaucum
SEQ1187314	Eukaryota	Mollusca	Bivalvia	Veneroida	Cardiidae	Cerastoderma	Cerastoderma_glaucum
SEQ1187315	Eukaryota	Mollusca	Bivalvia	Veneroida	Cardiidae	Cerastoderma	Cerastoderma_glaucum
SEQ1187316	Eukaryota	Mollusca	Bivalvia	Veneroida	Cardiidae	Cerastoderma	Cerastoderma_glaucum
SEQ1187317	Eukaryota	Mollusca	Bivalvia	Veneroida	Cardiidae	Cerastoderma	Cerastoderma_glaucum
SEQ1187318	Eukaryota	Mollusca	Bivalvia	Veneroida	Cardiidae	Cerastoderma	Cerastoderma_glaucum
SEQ1187319	Eukaryota	Mollusca	Bivalvia	Veneroida	Cardiidae	Cerastoderma	Cerastoderma_glaucum
SEQ1187320	Eukaryota	Mollusca	Bivalvia	Veneroida	Cardiidae	Cerastoderma	Cerastoderma_glaucum
SEQ1187321	Eukaryota	Mollusca	Bivalvia	Veneroida	Cardiidae	Cerastoderma	Cerastoderma_glaucum
SEQ1187322	Eukaryota	Mollusca	Bivalvia	Veneroida	Cardiidae	Cerastoderma	Cerastoderma_glaucum
SEQ1187323	Eukaryota	Mollusca	Bivalvia	Veneroida	Cardiidae	Cerastoderma	Cerastoderma_glaucum
SEQ1187324	Eukaryota	Mollusca	Bivalvia	Veneroida	Cardiidae	Cerastoderma	Cerastoderma_glaucum
SEQ1187325	Eukaryota	Mollusca	Bivalvia	Veneroida	Cardiidae	Cerastoderma	Cerastoderma_glaucum
SEQ1187326	Eukaryota	Mollusca	Bivalvia	Veneroida	Cardiidae	Cerastoderma	Cerastoderma_glaucum
SEQ1187327	Eukaryota	Mollusca	Bivalvia	Veneroida	Cardiidae	Cerastoderma	Cerastoderma_glaucum
SEQ1187328	Eukaryota	Mollusca	Bivalvia	Veneroida	Cardiidae	Cerastoderma	Cerastoderma_glaucum
SEQ1187329	Eukaryota	Mollusca	Bivalvia	Veneroida	Cardiidae	Cerastoderma	Cerastoderma_glaucum
SEQ1187330	Eukaryota	Mollusca	Bivalvia	Veneroida	Cardiidae	Cerastoderma	Cerastoderma_glaucum
SEQ1187331	Eukaryota	Mollusca	Bivalvia	Veneroida	Cardiidae	Cerastoderma	Cerastoderma_glaucum
SEQ1187332	Eukaryota	Mollusca	Bivalvia	Veneroida	Cardiidae	Cerastoderma	Cerastoderma_glaucum
SEQ1187333	Eukaryota	Mollusca	Bivalvia	Veneroida	Cardiidae	Cerastoderma	Cerastoderma_glaucum
SEQ1187334	Eukaryota	Mollusca	Bivalvia	Veneroida	Cardiidae	Cerastoderma	Cerastoderma_glaucum
SEQ1187335	Eukaryota	Mollusca	Bivalvia	Veneroida	Cardiidae	Cerastoderma	Cerastoderma_glaucum
SEQ1187336	Eukaryota	Mollusca	Bivalvia	Veneroida	Cardiidae	Cerastoderma	Cerastoderma_glaucum
SEQ1187337	Eukaryota	Mollusca	Bivalvia	Veneroida	Cardiidae	Cerastoderma	Cerastoderma_glaucum
SEQ1187338	Eukaryota	Mollusca	Bivalvia	Veneroida	Cardiidae	Cerastoderma	Cerastoderma_glaucum
SEQ1187339	Eukaryota	Mollusca	Bivalvia	Veneroida	Cardiidae	Cerastoderma	Cerastoderma_glaucum
SEQ1187340	Eukaryota	Mollusca	Bivalvia	Veneroida	Cardiidae	Cerastoderma	Cerastoderma_glaucum
SEQ1187341	Eukaryota	Mollusca	Bivalvia	Veneroida	Cardiidae	Cerastoderma	Cerastoderma_glaucum
SEQ1187342	Eukaryota	Mollusca	Bivalvia	Veneroida	Cardiidae	Cerastoderma	Cerastoderma_glaucum
SEQ1187343	Eukaryota	Mollusca	Bivalvia	Veneroida	Cardiidae	Cerastoderma	Cerastoderma_glaucum
SEQ1187344	Eukaryota	Mollusca	Bivalvia	Veneroida	Cardiidae	Cerastoderma	Cerastoderma_glaucum
SEQ1187345	Eukaryota	Mollusca	Bivalvia	Veneroida	Cardiidae	Cerastoderma	Cerastoderma_glaucum
SEQ1187346	Eukaryota	Mollusca	Bivalvia	Veneroida	Cardiidae	Cerastoderma	Cerastoderma_glaucum
SEQ1187347	Eukaryota	Mollusca	Bivalvia	Veneroida	Cardiidae	Cerastoderma	Cerastoderma_glaucum
SEQ1187348	Eukaryota	Mollusca	Bivalvia	Veneroida	Cardiidae	Cerastoderma	Cerastoderma_glaucum
SEQ1187349	Eukaryota	Mollusca	Bivalvia	Veneroida	Cardiidae	Cerastoderma	Cerastoderma_glaucum
SEQ1187350	Eukaryota	Mollusca	Bivalvia	Veneroida	Cardiidae	Cerastoderma	Cerastoderma_glaucum
SEQ1187351	Eukaryota	Mollusca	Bivalvia	Veneroida	Cardiidae	Cerastoderma	Cerastoderma_glaucum
SEQ1187352	Eukaryota	Mollusca	Bivalvia	Veneroida	Cardiidae	Cerastoderma	Cerastoderma_glaucum
SEQ1187353	Eukaryota	Mollusca	Bivalvia	Veneroida	Cardiidae	Cerastoderma	Cerastoderma_glaucum
SEQ1187354	Eukaryota	Mollusca	Bivalvia	Veneroida	Cardiidae	Cerastoderma	Cerastoderma_glaucum
SEQ1187355	Eukaryota	Mollusca	Bivalvia	Veneroida	Cardiidae	Cerastoderma	Cerastoderma_glaucum
SEQ1187356	Eukaryota	Mollusca	Bivalvia	Veneroida	Cardiidae	Cerastoderma	Cerastoderma_glaucum
SEQ1187357	Eukaryota	Mollusca	Bivalvia	Veneroida	Cardiidae	Cerastoderma	Cerastoderma_glaucum
SEQ1187358	Eukaryota	Mollusca	Bivalvia	Veneroida	Cardiidae	Cerastoderma	Cerastoderma_glaucum
SEQ1187359	Eukaryota	Mollusca	Bivalvia	Veneroida	Cardiidae	Cerastoderma	Cerastoderma_glaucum
SEQ1187360	Eukaryota	Mollusca	Bivalvia	Veneroida	Cardiidae	Cerastoderma	Cerastoderma_glaucum
SEQ1187361	Eukaryota	Mollusca	Bivalvia	Veneroida	Cardiidae	Cerastoderma	Cerastoderma_glaucum
SEQ1187362	Eukaryota	Mollusca	Bivalvia	Veneroida	Cardiidae	Cerastoderma	Cerastoderma_glaucum
SEQ1187363	Eukaryota	Mollusca	Bivalvia	Veneroida	Cardiidae	Cerastoderma	Cerastoderma_glaucum
SEQ1187364	Eukaryota	Mollusca	Bivalvia	Veneroida	Cardiidae	Cerastoderma	Cerastoderma_glaucum
SEQ1187365	Eukaryota	Mollusca	Bivalvia	Veneroida	Cardiidae	Cerastoderma	Cerastoderma_glaucum
SEQ1187366	Eukaryota	Mollusca	Bivalvia	Veneroida	Cardiidae	Cerastoderma	Cerastoderma_glaucum
SEQ1187367	Eukaryota	Mollusca	Bivalvia	Veneroida	Cardiidae	Cerastoderma	Cerastoderma_glaucum
SEQ1187368	Eukaryota	Mollusca	Bivalvia	Veneroida	Cardiidae	Cerastoderma	Cerastoderma_glaucum
SEQ1187369	Eukaryota	Mollusca	Bivalvia	Veneroida	Cardiidae	Cerastoderma	Cerastoderma_glaucum
SEQ1187370	Eukaryota	Mollusca	Bivalvia	Veneroida	Cardiidae	Cerastoderma	Cerastoderma_glaucum
SEQ1187371	Eukaryota	Mollusca	Bivalvia	Veneroida	Cardiidae	Cerastoderma	Cerastoderma_glaucum
SEQ1187372	Eukaryota	Mollusca	Bivalvia	Veneroida	Cardiidae	Cerastoderma	Cerastoderma_glaucum
SEQ1187373	Eukaryota	Mollusca	Bivalvia	Veneroida	Cardiidae	Cerastoderma	Cerastoderma_glaucum
SEQ1187374	Eukaryota	Mollusca	Bivalvia	Veneroida	Cardiidae	Cerastoderma	Cerastoderma_glaucum
SEQ1187375	Eukaryota	Mollusca	Bivalvia	Veneroida	Cardiidae	Cerastoderma	Cerastoderma_glaucum
SEQ1187376	Eukaryota	Mollusca	Bivalvia	Veneroida	Cardiidae	Cerastoderma	Cerastoderma_glaucum
SEQ1187377	Eukaryota	Mollusca	Bivalvia	Veneroida	Cardiidae	Cerastoderma	Cerastoderma_glaucum
SEQ1187378	Eukaryota	Mollusca	Bivalvia	Veneroida	Cardiidae	Cerastoderma	Cerastoderma_glaucum
SEQ1187379	Eukaryota	Mollusca	Bivalvia	Veneroida	Cardiidae	Cerastoderma	Cerastoderma_glaucum
SEQ1187380	Eukaryota	Mollusca	Bivalvia	Veneroida	Cardiidae	Cerastoderma	Cerastoderma_glaucum
SEQ1187381	Eukaryota	Mollusca	Bivalvia	Veneroida	Cardiidae	Cerastoderma	Cerastoderma_glaucum
SEQ1187382	Eukaryota	Mollusca	Bivalvia	Veneroida	Cardiidae	Cerastoderma	Cerastoderma_glaucum
SEQ1187383	Eukaryota	Mollusca	Bivalvia	Veneroida	Cardiidae	Cerastoderma	Cerastoderma_glaucum
SEQ1187384	Eukaryota	Mollusca	Bivalvia	Veneroida	Cardiidae	Cerastoderma	Cerastoderma_glaucum
SEQ1187385	Eukaryota	Mollusca	Bivalvia	Veneroida	Cardiidae	Cerastoderma	Cerastoderma_glaucum
SEQ1187386	Eukaryota	Mollusca	Bivalvia	Veneroida	Cardiidae	Cerastoderma	Cerastoderma_glaucum
SEQ1187387	Eukaryota	Mollusca	Bivalvia	Veneroida	Cardiidae	Cerastoderma	Cerastoderma_glaucum
SEQ1187388	Eukaryota	Mollusca	Bivalvia	Veneroida	Cardiidae	Cerastoderma	Cerastoderma_glaucum
SEQ1187389	Eukaryota	Mollusca	Bivalvia	Veneroida	Cardiidae	Cerastoderma	Cerastoderma_glaucum
SEQ1187390	Eukaryota	Mollusca	Bivalvia	Veneroida	Cardiidae	Cerastoderma	Cerastoderma_glaucum
SEQ1187391	Eukaryota	Mollusca	Bivalvia	Veneroida	Cardiidae	Cerastoderma	Cerastoderma_glaucum
SEQ1187392	Eukaryota	Mollusca	Bivalvia	Veneroida	Cardiidae	Cerastoderma	Cerastoderma_glaucum
SEQ1187393	Eukaryota	Mollusca	Bivalvia	Veneroida	Cardiidae	Cerastoderma	Cerastoderma_glaucum
SEQ1187394	Eukaryota	Mollusca	Bivalvia	Veneroida	Cardiidae	Cerastoderma	Cerastoderma_glaucum
SEQ1187395	Eukaryota	Mollusca	Bivalvia	Veneroida	Cardiidae	Cerastoderma	Cerastoderma_glaucum
SEQ1187396	Eukaryota	Mollusca	Bivalvia	Veneroida	Cardiidae	Cerastoderma	Cerastoderma_glaucum
SEQ1187397	Eukaryota	Mollusca	Bivalvia	Veneroida	Cardiidae	Cerastoderma	Cerastoderma_glaucum
SEQ1187398	Eukaryota	Mollusca	Bivalvia	Veneroida	Cardiidae	Cerastoderma	Cerastoderma_glaucum
SEQ1187399	Eukaryota	Mollusca	Bivalvia	Veneroida	Cardiidae	Cerastoderma	Cerastoderma_glaucum
SEQ1187400	Eukaryota	Mollusca	Bivalvia	Veneroida	Cardiidae	Cerastoderma	Cerastoderma_glaucum
SEQ1187401	Eukaryota	Mollusca	Bivalvia	Veneroida	Cardiidae	Cerastoderma	Cerastoderma_glaucum
SEQ1187402	Eukaryota	Mollusca	Bivalvia	Veneroida	Cardiidae	Cerastoderma	Cerastoderma_glaucum
SEQ1187403	Eukaryota	Mollusca	Bivalvia	Veneroida	Cardiidae	Cerastoderma	Cerastoderma_glaucum
SEQ1187404	Eukaryota	Mollusca	Bivalvia	Veneroida	Cardiidae	Cerastoderma	Cerastoderma_glaucum
SEQ1187405	Eukaryota	Mollusca	Bivalvia	Veneroida	Cardiidae	Cerastoderma	Cerastoderma_glaucum
SEQ1187406	Eukaryota	Mollusca	Bivalvia	Veneroida	Cardiidae	Cerastoderma	Cerastoderma_glaucum
SEQ1187407	Eukaryota	Mollusca	Bivalvia	Veneroida	Cardiidae	Cerastoderma	Cerastoderma_glaucum
SEQ1187408	Eukaryota	Mollusca	Bivalvia	Veneroida	Cardiidae	Cerastoderma	Cerastoderma_glaucum
SEQ1187409	Eukaryota	Mollusca	Bivalvia	Veneroida	Cardiidae	Cerastoderma	Cerastoderma_glaucum
SEQ1187410	Eukaryota	Mollusca	Bivalvia	Veneroida	Cardiidae	Cerastoderma	Cerastoderma_glaucum
SEQ1187411	Eukaryota	Mollusca	Bivalvia	Veneroida	Cardiidae	Cerastoderma	Cerastoderma_glaucum
SEQ1187412	Eukaryota	Mollusca	Bivalvia	Veneroida	Cardiidae	Cerastoderma	Cerastoderma_glaucum
SEQ1187413	Eukaryota	Mollusca	Bivalvia	Veneroida	Cardiidae	Cerastoderma	Cerastoderma_glaucum
SEQ1187414	Eukaryota	Mollusca	Bivalvia	Veneroida	Cardiidae	Cerastoderma	Cerastoderma_glaucum
SEQ1187415	Eukaryota	Mollusca	Bivalvia	Veneroida	Cardiidae	Cerastoderma	Cerastoderma_glaucum
SEQ1187416	Eukaryota	Mollusca	Bivalvia	Veneroida	Cardiidae	Cerastoderma	Cerastoderma_glaucum
SEQ1187417	Eukaryota	Mollusca	Bivalvia	Veneroida	Cardiidae	Cerastoderma	Cerastoderma_glaucum
SEQ1187418	Eukaryota	Mollusca	Bivalvia	Veneroida	Cardiidae	Cerastoderma	Cerastoderma_glaucum
SEQ1187419	Eukaryota	Mollusca	Bivalvia	Veneroida	Cardiidae	Cerastoderma	Cerastoderma_glaucum
SEQ1187420	Eukaryota	Mollusca	Bivalvia	Veneroida	Cardiidae	Cerastoderma	Cerastoderma_glaucum
SEQ1187421	Eukaryota	Mollusca	Bivalvia	Veneroida	Cardiidae	Cerastoderma	Cerastoderma_glaucum
SEQ1187422	Eukaryota	Mollusca	Bivalvia	Veneroida	Cardiidae	Cerastoderma	Cerastoderma_glaucum
SEQ1187423	Eukaryota	Mollusca	Bivalvia	Veneroida	Cardiidae	Cerastoderma	Cerastoderma_glaucum
SEQ1187424	Eukaryota	Mollusca	Bivalvia	Veneroida	Cardiidae	Cerastoderma	Cerastoderma_glaucum
SEQ1187425	Eukaryota	Mollusca	Bivalvia	Veneroida	Cardiidae	Cerastoderma	Cerastoderma_glaucum
SEQ1187426	Eukaryota	Mollusca	Bivalvia	Veneroida	Cardiidae	Cerastoderma	Cerastoderma_glaucum
SEQ1187427	Eukaryota	Mollusca	Bivalvia	Veneroida	Cardiidae	Cerastoderma	Cerastoderma_glaucum
SEQ1187428	Eukaryota	Mollusca	Bivalvia	Veneroida	Cardiidae	Cerastoderma	Cerastoderma_glaucum
SEQ1186655	Eukaryota	Mollusca	Bivalvia	Myoida	Corbulidae	Corbula	Corbula_gibba
SEQ1186656	Eukaryota	Mollusca	Bivalvia	Myoida	Corbulidae	Corbula	Corbula_gibba
SEQ1186657	Eukaryota	Mollusca	Bivalvia	Myoida	Corbulidae	Corbula	Corbula_gibba
SEQ1186658	Eukaryota	Mollusca	Bivalvia	Myoida	Corbulidae	Corbula	Corbula_gibba
SEQ1186659	Eukaryota	Mollusca	Bivalvia	Myoida	Corbulidae	Corbula	Corbula_gibba
SEQ1201308	Eukaryota	Mollusca	Bivalvia	Nuculoida	Nuculidae	Nucula	Nucula_nitidosa
SEQ1201309	Eukaryota	Mollusca	Bivalvia	Nuculoida	Nuculidae	Nucula	Nucula_nitidosa
SEQ1201310	Eukaryota	Mollusca	Bivalvia	Nuculoida	Nuculidae	Nucula	Nucula_nitidosa
SEQ1201311	Eukaryota	Mollusca	Bivalvia	Nuculoida	Nuculidae	Nucula	Nucula_nitidosa
SEQ1201312	Eukaryota	Mollusca	Bivalvia	Nuculoida	Nuculidae	Nucula	Nucula_nitidosa
SEQ1201313	Eukaryota	Mollusca	Bivalvia	Nuculoida	Nuculidae	Nucula	Nucula_nitidosa
SEQ1201314	Eukaryota	Mollusca	Bivalvia	Nuculoida	Nuculidae	Nucula	Nucula_nitidosa
SEQ1201315	Eukaryota	Mollusca	Bivalvia	Nuculoida	Nuculidae	Nucula	Nucula_nitidosa
SEQ1201316	Eukaryota	Mollusca	Bivalvia	Nuculoida	Nuculidae	Nucula	Nucula_nitidosa
SEQ1238356	Eukaryota	Mollusca	Gastropoda	Neogastropoda	Muricidae	Bolinus	Bolinus_brandaris
SEQ1238357	Eukaryota	Mollusca	Gastropoda	Neogastropoda	Muricidae	Bolinus	Bolinus_brandaris
SEQ1282346	Eukaryota	Mollusca	Scaphopoda	Dentaliida	Dentaliidae	Antalis	Antalis_inaequicostata
SEQ1282347	Eukaryota	Mollusca	Scaphopoda	Dentaliida	Dentaliidae	Antalis	Antalis_inaequicostata
